municipality,last_update_date
"Suyo","2026-07-14"
"Nagbukel","2026-07-14"
"Santiago","2026-07-14"
"Santa","2026-07-14"
"Santa Cruz","2026-07-14"
"Tagudin","2026-07-14"
"Narvacan","2026-07-14"
"Lidlidda","2026-07-14"
"Salcedo","2026-07-14"
"San Emilio","2026-07-13"
"San Ildefonso","2026-07-13"
"Santa Catalina","2026-07-13"
"San Vicente","2026-07-13"
"Cabugao","2026-07-13"
"San Esteban","2026-07-13"
"Cervantes","2026-07-13"
"Banayoyo","2026-07-13"
"Quirino","2026-07-13"
"Caoayan","2026-07-12"
"Santa Lucia","2026-07-12"
"San Juan","2026-07-11"
"Magsingal","2026-07-10"
"Sugpon","2026-07-10"
"Bantay","2026-07-10"
"City of Candon","2026-07-09"
"Sinait","2026-07-09"
"Gregorio del Pilar","2026-07-09"
"Alilem","2026-07-07"
"Galimuyod","2026-07-03"
"City of Vigan","2026-07-01"
"Sigay","2026-06-29"
"Santa Maria","2026-06-28"
"Burgos","2026-06-28"
"Santo Domingo","2026-06-25"