id,full_name,municipality,barangay,last_updated
"246849","ANDAYA, MARY ANN P.","Suyo","Poblacion","2026-07-14T11:44:17.001059+00:00"
"246794","Castañeda, Vanced Amingay","Nagbukel","Bantugo","2026-07-14T09:13:12.49956+00:00"
"246793","Ellorin, Felix Lapeña","Santiago","Salincub","2026-07-14T08:50:21.81697+00:00"
"246752","Solitario, John Anthony Asia","Santa","Casiber","2026-07-14T07:47:35.831225+00:00"
"246751","CONTRERAS,STEPHANIE","Santa Cruz","Pidpid","2026-07-14T07:44:23.597275+00:00"
"246729","Aguilan, Romulo Lacasandile","Tagudin","Sawat","2026-07-14T07:29:59.655022+00:00"
"246691","Daniel Q. Camero","Narvacan","Sulvec","2026-07-14T07:28:42.260939+00:00"
"246546","GIRONELLA, RIOVIE B.","Lidlidda","Labut","2026-07-14T05:14:11.144122+00:00"
"246545","GUMUYOD, JERRY, A","Salcedo","Bulala-Leguey","2026-07-14T03:32:02.003508+00:00"
"246390","BUDOD,ALLEN MARK S.","San Emilio","San Miliano","2026-07-13T13:40:14.467547+00:00"
"246385","DAYAG, JAY-R TACULOG","San Ildefonso","Bungro","2026-07-13T11:35:55.081699+00:00"
"246381","REALN, WILFREDA BAUTISTA","Santa Catalina","Paratong","2026-07-13T08:39:38.566177+00:00"
"246262","VALENCIA, PRECIOUS JOY R.","San Vicente","San Sebastian","2026-07-13T08:25:41.482308+00:00"
"245528","Basuil, Reden De Guzman","Cabugao","Pug-os","2026-07-13T07:03:27.081387+00:00"
"245482","AGPALO, RODOLFO VACALARES","San Esteban","Cabaroan","2026-07-13T06:54:58.898503+00:00"
"245436","CAYABAS CAROLINA MANGEG","Cervantes","Dinwede East","2026-07-13T06:29:55.827156+00:00"
"244963","TEJERO, MARY GRACE D.","Banayoyo","Lintic","2026-07-13T05:27:10.471018+00:00"
"244748","Pilagan, Lilia Bistaga","Quirino","Lamag","2026-07-13T01:52:15.278854+00:00"
"244673","TORCUATO, JERICHO D.","Caoayan","Pantay Tamurong","2026-07-12T13:51:51.06529+00:00"
"244565","VILOG, JADE SAN","Santa Lucia","Bani","2026-07-12T12:36:22.419185+00:00"
"244330","VILLA, IMELDA ARIZANGA","San Juan","Barbar","2026-07-11T09:50:01.110337+00:00"
"244204","Rommel Tinasa","Magsingal","Patong","2026-07-10T14:37:34.910003+00:00"
"243970","GALATIS, ERWIN C.","Sugpon","Caoayan","2026-07-10T07:15:36.384178+00:00"
"243548","TABABA, KATHREEN PABLICO","Bantay","Cabusligan","2026-07-10T05:54:46.742062+00:00"
"243104","Lomiteng, Wendy Race G.","City of Candon","San Andres","2026-07-09T07:49:53.202798+00:00"
"242687","MOLINA, OSWALD OROSCO","Sinait","Katipunan","2026-07-09T06:21:10.402005+00:00"
"242256","BALIO-AN RONY GABAYAN","Gregorio del Pilar","Dapdappig","2026-07-09T01:00:37.346715+00:00"
"241130","Binoya, Ericson D.","Alilem","Apang","2026-07-07T14:17:19.414894+00:00"
"239055","Agunan, Ceriaca Ebis","Galimuyod","Baracbac","2026-07-03T08:50:37.366944+00:00"
"238748","Bulao, Romando Hilario","City of Vigan","San Jose","2026-07-01T05:42:14.109079+00:00"
"237623","Duli, Caridad C.","Sigay","Abaccan","2026-06-29T04:43:58.829336+00:00"
"236711","Llanes, Victoria D.","Santa Maria","Suso","2026-06-28T13:49:24.446967+00:00"
"234854","PONSOY EUGENE","Burgos","Lubing","2026-06-28T02:23:38.096227+00:00"
"225547","TACLA ANDREA MAY SALCEDO","Santo Domingo","Naglaoa-an","2026-06-25T06:18:22.986447+00:00"