Category,Group_ID,Patient_ID,Full_Name,Birthdate,Sex,Barangay,Municipality,Services_Count,Created_At,Suggested_Action
EXACT_MATCH,EXACT-GRP-1,130,"Lambinicio, Karen G.",1982-09-05,Female,"Allangigan Segundo","City of Candon",1,2026-03-17T04:44:45.234131+00:00,KEEP (Primary)
EXACT_MATCH,EXACT-GRP-1,320762,"Lambinicio, Karen G.",1982-09-05,Female,"Allangigan Segundo","City of Candon",1,2026-09-29T07:14:34.067818+00:00,MERGE SERVICES TO PRIMARY
EXACT_MATCH,EXACT-GRP-2,492,"Opeña, Zeny M.",1975-05-20,Female,"San Andres","City of Candon",2,2026-03-18T03:43:40.615472+00:00,KEEP (Primary)
EXACT_MATCH,EXACT-GRP-2,129812,"Opena, Zeny M.",1975-05-20,Male,"San Andres","City of Candon",1,2026-05-22T08:14:11.872508+00:00,MERGE SERVICES TO PRIMARY
EXACT_MATCH,EXACT-GRP-3,37340,"Palma, Antonio G.",1960-01-17,Male,"Allangigan Segundo","City of Candon",1,2026-03-28T05:23:21.757218+00:00,KEEP (Primary)
EXACT_MATCH,EXACT-GRP-3,223261,"Palma, Antonio, G.",1960-01-17,Male,"Allangigan Segundo","City of Candon",1,2026-06-24T07:57:52.677134+00:00,MERGE SERVICES TO PRIMARY
EXACT_MATCH,EXACT-GRP-4,37684,"Galcon, Lorna G",1963-02-24,Female,"Allangigan Primero","City of Candon",1,2026-03-28T13:05:35.998514+00:00,KEEP (Primary)
EXACT_MATCH,EXACT-GRP-4,230178,"Galcon, Lorna G.",1963-02-24,Female,"Allangigan Primero","City of Candon",1,2026-06-27T00:10:53.692587+00:00,MERGE SERVICES TO PRIMARY
EXACT_MATCH,EXACT-GRP-5,38444,"Tayaben,Rosita C.",1941-12-15,Female,"San Andres","City of Candon",1,2026-03-29T03:15:20.257914+00:00,KEEP (Primary)
EXACT_MATCH,EXACT-GRP-5,129794,"Tayaben, Rosita C.",1941-12-15,Female,"San Andres","City of Candon",1,2026-05-22T08:14:11.872508+00:00,MERGE SERVICES TO PRIMARY
EXACT_MATCH,EXACT-GRP-6,206782,"Cartilla. Zenaida L.",1963-10-10,Female,"San Andres","City of Candon",2,2026-06-18T02:15:12.653449+00:00,KEEP (Primary)
EXACT_MATCH,EXACT-GRP-6,38869,"Cartilla, Zenaida L.",1963-10-10,Female,"San Andres","City of Candon",1,2026-03-29T07:23:08.258208+00:00,MERGE SERVICES TO PRIMARY
EXACT_MATCH,EXACT-GRP-7,40114,"Batin, Menandro Sr. M.",1960-05-08,Male,"Salvador Primero","City of Candon",1,2026-03-29T13:39:06.550609+00:00,KEEP (Primary)
EXACT_MATCH,EXACT-GRP-7,100079,"Batin, Menandro Sr  M",1960-05-08,Male,"Salvador Primero","City of Candon",1,2026-05-11T03:52:59.409882+00:00,MERGE SERVICES TO PRIMARY
EXACT_MATCH,EXACT-GRP-8,100263,"Pascua, Rodolfo D.",1960-12-18,Male,"Salvador Primero","City of Candon",2,2026-05-11T05:29:48.639606+00:00,KEEP (Primary)
EXACT_MATCH,EXACT-GRP-8,40148,"Pascua,Rodolfo D.",1960-12-18,Male,"Salvador Primero","City of Candon",1,2026-03-29T14:09:00.031803+00:00,MERGE SERVICES TO PRIMARY
EXACT_MATCH,EXACT-GRP-9,40923,"Tican,David T.",1963-12-15,Male,"Salvador Primero","City of Candon",1,2026-03-29T14:20:49.696415+00:00,KEEP (Primary)
EXACT_MATCH,EXACT-GRP-9,100272,"Tican, David T",1963-12-15,Male,"Salvador Primero","City of Candon",1,2026-05-11T05:33:03.541137+00:00,MERGE SERVICES TO PRIMARY
EXACT_MATCH,EXACT-GRP-9,140106,"Tican, David T.",1963-12-15,Male,"Salvador Primero","City of Candon",1,2026-05-25T05:37:40.963202+00:00,MERGE SERVICES TO PRIMARY
EXACT_MATCH,EXACT-GRP-10,40928,"Inigo, Lailanie A.",1968-09-05,Female,"Salvador Primero","City of Candon",1,2026-03-29T14:25:26.305343+00:00,KEEP (Primary)
EXACT_MATCH,EXACT-GRP-10,100339,"Inigo, Lailanie A",1968-09-05,Female,"Salvador Primero","City of Candon",1,2026-05-11T05:55:21.405676+00:00,MERGE SERVICES TO PRIMARY
EXACT_MATCH,EXACT-GRP-11,100053,"Batin, Alberto B.",1953-02-07,Male,"Salvador Primero","City of Candon",2,2026-05-11T03:39:44.695893+00:00,KEEP (Primary)
EXACT_MATCH,EXACT-GRP-11,41215,"Batin,Alberto B.",1953-02-07,Male,"Salvador Primero","City of Candon",1,2026-03-29T14:44:57.744992+00:00,MERGE SERVICES TO PRIMARY
EXACT_MATCH,EXACT-GRP-12,47025,"Opeña, Bryan M.",2010-10-20,Male,"San Andres","City of Candon",1,2026-03-30T15:05:32.848628+00:00,KEEP (Primary)
EXACT_MATCH,EXACT-GRP-12,129814,"Opena, Bryan M.",2010-10-20,Male,"San Andres","City of Candon",1,2026-05-22T08:14:11.872508+00:00,MERGE SERVICES TO PRIMARY
EXACT_MATCH,EXACT-GRP-13,47042,"Astrero, Eufrosina W.",1950-11-28,Female,"Bagani Tocgo","City of Candon",1,2026-03-30T15:17:25.403119+00:00,KEEP (Primary)
EXACT_MATCH,EXACT-GRP-13,208044,"Astrero Eufrosina W.",1950-11-28,Female,"Bagani Tocgo","City of Candon",1,2026-06-18T06:29:44.121015+00:00,MERGE SERVICES TO PRIMARY
EXACT_MATCH,EXACT-GRP-14,62488,"Valdez, Demetria  S.",1951-12-31,Female,"San Andres","City of Candon",1,2026-04-03T07:25:12.887299+00:00,KEEP (Primary)
EXACT_MATCH,EXACT-GRP-14,129808,"Valdez, Demetria S,",1951-12-31,Female,"San Andres","City of Candon",1,2026-05-22T08:14:11.872508+00:00,MERGE SERVICES TO PRIMARY
EXACT_MATCH,EXACT-GRP-15,62560,"Muñoz, Eduardo",1961-10-24,Male,"San Andres","City of Candon",1,2026-04-03T08:32:17.939303+00:00,KEEP (Primary)
EXACT_MATCH,EXACT-GRP-15,241810,"Munoz, Eduardo",1961-10-24,Male,"San Andres","City of Candon",1,2026-07-08T07:16:33.858678+00:00,MERGE SERVICES TO PRIMARY
EXACT_MATCH,EXACT-GRP-16,62561,"Muñoz, Marilou M.",1958-07-15,Female,"San Andres","City of Candon",1,2026-04-03T08:33:54.574528+00:00,KEEP (Primary)
EXACT_MATCH,EXACT-GRP-16,241811,"Munoz, Marilou M.",1958-07-15,Female,"San Andres","City of Candon",1,2026-07-08T07:16:33.858678+00:00,MERGE SERVICES TO PRIMARY
EXACT_MATCH,EXACT-GRP-17,65330,"Guerero,  Nemia A.",1972-01-01,Female,"Paypayad","City of Candon",1,2026-04-14T06:14:40.00777+00:00,KEEP (Primary)
EXACT_MATCH,EXACT-GRP-17,85490,"Guerero, Nemia A.",1972-01-01,Female,"Paypayad","City of Candon",1,2026-05-06T05:54:18.048171+00:00,MERGE SERVICES TO PRIMARY
EXACT_MATCH,EXACT-GRP-18,69656,"Balbin,  Carolina L.",1966-02-28,Female,"Allangigan Segundo","City of Candon",1,2026-04-20T04:17:53.262864+00:00,KEEP (Primary)
EXACT_MATCH,EXACT-GRP-18,175486,"Balbin, Carolina L.",1966-02-28,Female,"Allangigan Segundo","City of Candon",1,2026-06-04T10:07:40.783052+00:00,MERGE SERVICES TO PRIMARY
EXACT_MATCH,EXACT-GRP-19,69707,"Iñigo, Norma L.",1949-02-14,Female,"Allangigan Segundo","City of Candon",1,2026-04-20T05:29:43.067118+00:00,KEEP (Primary)
EXACT_MATCH,EXACT-GRP-19,321597,"Inigo, Norma  L.",1949-02-14,Female,"Allangigan Segundo","City of Candon",1,2026-09-29T08:50:22.303783+00:00,MERGE SERVICES TO PRIMARY
EXACT_MATCH,EXACT-GRP-20,69815,"Dolliente, Rosita P.",1940-12-24,Female,"Allangigan Segundo","City of Candon",2,2026-04-20T06:09:26.74474+00:00,KEEP (Primary)
EXACT_MATCH,EXACT-GRP-20,320738,"Dolliente, Rosita P.",1940-12-24,Female,"Allangigan Segundo","City of Candon",1,2026-09-29T07:14:34.067818+00:00,MERGE SERVICES TO PRIMARY
EXACT_MATCH,EXACT-GRP-21,69867,"Galleto, Jeanelyn V.",1987-08-11,Female,"Allangigan Segundo","City of Candon",1,2026-04-20T06:32:13.184854+00:00,KEEP (Primary)
EXACT_MATCH,EXACT-GRP-21,321568,"Galleto, Jeanelyn  V.",1987-08-11,Female,"Allangigan Segundo","City of Candon",1,2026-09-29T08:50:22.303783+00:00,MERGE SERVICES TO PRIMARY
EXACT_MATCH,EXACT-GRP-22,70617,"Tong- Alan, Marina P.",1957-03-29,Female,"Santo Tomas","City of Candon",1,2026-04-20T14:24:38.531509+00:00,KEEP (Primary)
EXACT_MATCH,EXACT-GRP-22,293869,"Tong-alan, Marina P.",1957-03-29,Female,"Santo Tomas","City of Candon",1,2026-09-20T13:39:50.967919+00:00,MERGE SERVICES TO PRIMARY
EXACT_MATCH,EXACT-GRP-23,71739,"Castro, Mauricio R.",1967-09-22,Male,"Allangigan Segundo","City of Candon",2,2026-04-22T03:45:53.547827+00:00,KEEP (Primary)
EXACT_MATCH,EXACT-GRP-23,320768,"Castro, Mauricio R.",1967-09-22,Male,"Allangigan Segundo","City of Candon",1,2026-09-29T07:14:34.067818+00:00,MERGE SERVICES TO PRIMARY
EXACT_MATCH,EXACT-GRP-24,78642,"Valdez, Lilia  C.",1964-06-09,Female,"San Pedro","City of Candon",1,2026-04-30T05:59:52.57384+00:00,KEEP (Primary)
EXACT_MATCH,EXACT-GRP-24,149721,"Valdez, Lilia C.",1964-06-09,Female,"San Pedro","City of Candon",1,2026-05-28T07:31:30.416139+00:00,MERGE SERVICES TO PRIMARY
EXACT_MATCH,EXACT-GRP-25,78697,"Brillo, Josefina J.",1961-11-05,Female,"Ayudante","City of Candon",1,2026-04-30T06:30:39.425422+00:00,KEEP (Primary)
EXACT_MATCH,EXACT-GRP-25,297912,"Brillo, Josefina J.",1961-11-05,Female,"Ayudante","City of Candon",1,2026-09-23T02:15:11.576837+00:00,MERGE SERVICES TO PRIMARY
EXACT_MATCH,EXACT-GRP-26,93170,"Galima,Sharmaine C.",2009-08-27,Female,"Salvador Primero","City of Candon",1,2026-05-08T13:11:48.432631+00:00,KEEP (Primary)
EXACT_MATCH,EXACT-GRP-26,288783,"Galima, Sharmaine C.",2009-08-27,Female,"Salvador Primero","City of Candon",1,2026-09-14T08:14:19.124263+00:00,MERGE SERVICES TO PRIMARY
EXACT_MATCH,EXACT-GRP-27,95876,"Vasquez, Mirasol M.",1981-10-11,Female,"Salvador Primero","City of Candon",1,2026-05-09T01:17:52.714577+00:00,KEEP (Primary)
EXACT_MATCH,EXACT-GRP-27,100776,"Vasquez, Mirasol M ",1981-10-11,Female,"Salvador Primero","City of Candon",1,2026-05-11T07:10:22.288167+00:00,MERGE SERVICES TO PRIMARY
EXACT_MATCH,EXACT-GRP-28,100280,"Torres, Bonifacio B",1947-05-09,Male,"Salvador Primero","City of Candon",1,2026-05-11T05:36:49.482689+00:00,KEEP (Primary)
EXACT_MATCH,EXACT-GRP-28,145237,"Torres, Bonifacio B.",1947-05-09,Male,"Salvador Primero","City of Candon",1,2026-05-26T06:49:21.800084+00:00,MERGE SERVICES TO PRIMARY
EXACT_MATCH,EXACT-GRP-29,100281,"Langiden, Raymundo B.",1969-08-16,Male,"Bagani Tocgo","City of Candon",1,2026-05-11T05:37:13.650724+00:00,KEEP (Primary)
EXACT_MATCH,EXACT-GRP-29,253258,"Langiden Raymundo B.",1969-08-16,Male,"Bagani Tocgo","City of Candon",1,2026-07-21T07:16:07.752972+00:00,MERGE SERVICES TO PRIMARY
EXACT_MATCH,EXACT-GRP-30,100746,"Tenorio, Lady Walter B ",1995-01-24,Female,"Salvador Primero","City of Candon",1,2026-05-11T07:04:42.747802+00:00,KEEP (Primary)
EXACT_MATCH,EXACT-GRP-30,214916,"Tenorio, Lady Walter B.",1995-01-24,Female,"Salvador Primero","City of Candon",1,2026-06-22T06:43:26.456234+00:00,MERGE SERVICES TO PRIMARY
EXACT_MATCH,EXACT-GRP-31,100768,"Masi, Roy M",1972-03-27,Male,"Bagani Ubbog","City of Candon",1,2026-05-11T07:08:40.320705+00:00,KEEP (Primary)
EXACT_MATCH,EXACT-GRP-31,227666,"Masi, Roy M.",1972-03-27,Male,"Bagani Ubbog","City of Candon",1,2026-06-26T05:35:34.383062+00:00,MERGE SERVICES TO PRIMARY
EXACT_MATCH,EXACT-GRP-32,100832,"Espanto,Jessie D.",1969-12-27,Male,"Bagani Ubbog","City of Candon",1,2026-05-11T07:29:00.147952+00:00,KEEP (Primary)
EXACT_MATCH,EXACT-GRP-32,123931,"Espanto, Jessie D.",1969-12-27,Male,"Bagani Ubbog","City of Candon",1,2026-05-21T08:06:38.761656+00:00,MERGE SERVICES TO PRIMARY
EXACT_MATCH,EXACT-GRP-33,113039,"Redongga, Teresita B.",1961-07-19,Female,"San Pedro","City of Candon",1,2026-05-18T02:50:53.505181+00:00,KEEP (Primary)
EXACT_MATCH,EXACT-GRP-33,162235,"Redongga Teresita B.",1961-07-19,Female,"San Pedro","City of Candon",1,2026-06-01T07:46:05.836851+00:00,MERGE SERVICES TO PRIMARY
EXACT_MATCH,EXACT-GRP-34,116769,"Ganado, Delia L.",1980-01-09,Female,"Salvador Segundo","City of Candon",1,2026-05-19T06:02:04.868888+00:00,KEEP (Primary)
EXACT_MATCH,EXACT-GRP-34,262801,"Ganado Delia L.",1980-01-09,Female,"Salvador Segundo","City of Candon",1,2026-07-28T05:35:43.699779+00:00,MERGE SERVICES TO PRIMARY
EXACT_MATCH,EXACT-GRP-35,116784,"Soriano. Wilbert G.",1984-01-30,Male,"Salvador Segundo","City of Candon",1,2026-05-19T06:02:04.868888+00:00,KEEP (Primary)
EXACT_MATCH,EXACT-GRP-35,262810,"Soriano, Wilbert G.",1984-01-30,Male,"Salvador Segundo","City of Candon",1,2026-07-28T05:35:43.699779+00:00,MERGE SERVICES TO PRIMARY
EXACT_MATCH,EXACT-GRP-36,117008,"Inigo, Gilmar V.",1989-12-01,Male,"Allangigan Segundo","City of Candon",1,2026-05-19T06:03:18.457491+00:00,KEEP (Primary)
EXACT_MATCH,EXACT-GRP-36,162152,"Inigo Gilmar V.",1989-12-01,Male,"San Pedro","City of Candon",1,2026-06-01T07:46:05.836851+00:00,MERGE SERVICES TO PRIMARY
EXACT_MATCH,EXACT-GRP-37,117057,"Galutan, Marilou T.",1973-01-15,Female,"Allangigan Segundo","City of Candon",1,2026-05-19T06:03:18.457491+00:00,KEEP (Primary)
EXACT_MATCH,EXACT-GRP-37,320754,"Galutan, Marilou T.",1973-01-15,Female,"Allangigan Segundo","City of Candon",1,2026-09-29T07:14:34.067818+00:00,MERGE SERVICES TO PRIMARY
EXACT_MATCH,EXACT-GRP-38,117063,"Valdez, Rosalio R.",1974-07-30,Male,"Allangigan Segundo","City of Candon",1,2026-05-19T06:03:18.457491+00:00,KEEP (Primary)
EXACT_MATCH,EXACT-GRP-38,320778,"Valdez, Rosalio R.",1974-07-30,Male,"Allangigan Segundo","City of Candon",1,2026-09-29T07:14:34.067818+00:00,MERGE SERVICES TO PRIMARY
EXACT_MATCH,EXACT-GRP-39,125428,"Sagay, Xander O.",2012-05-23,Male,"Bugnay","City of Candon",1,2026-05-21T13:18:12.616484+00:00,KEEP (Primary)
EXACT_MATCH,EXACT-GRP-39,261551,"Sagay,Xander O.",2012-05-23,Male,"Bugnay","City of Candon",1,2026-07-27T06:46:05.49675+00:00,MERGE SERVICES TO PRIMARY
EXACT_MATCH,EXACT-GRP-40,125437,"Pasic, Loreto, T.",1946-07-16,Male,"Bugnay","City of Candon",1,2026-05-21T13:18:12.616484+00:00,KEEP (Primary)
EXACT_MATCH,EXACT-GRP-40,261555,"Pasic, Loreto T.",1946-07-16,Male,"Bugnay","City of Candon",1,2026-07-27T06:46:05.49675+00:00,MERGE SERVICES TO PRIMARY
EXACT_MATCH,EXACT-GRP-41,125459,"Gabayan, Daene Marie P.",2014-08-08,Female,"Bugnay","City of Candon",1,2026-05-21T13:18:12.616484+00:00,KEEP (Primary)
EXACT_MATCH,EXACT-GRP-41,261564,"Gabayan,Daene Marie P.",2014-08-08,Female,"Bugnay","City of Candon",1,2026-07-27T06:46:05.49675+00:00,MERGE SERVICES TO PRIMARY
EXACT_MATCH,EXACT-GRP-42,125471,"Aquino, Herold Hanes B.",1993-09-29,Male,"Bugnay","City of Candon",1,2026-05-21T13:18:12.616484+00:00,KEEP (Primary)
EXACT_MATCH,EXACT-GRP-42,261570,"Aquino, Herold Hanes  B.",1993-09-29,Male,"Bugnay","City of Candon",1,2026-07-27T06:46:05.49675+00:00,MERGE SERVICES TO PRIMARY
EXACT_MATCH,EXACT-GRP-43,144972,"Soriano, Marco G.",2007-03-08,Male,"Salvador Segundo","City of Candon",1,2026-05-26T06:14:35.528822+00:00,KEEP (Primary)
EXACT_MATCH,EXACT-GRP-43,297864,"Soriano, Marco G.",2007-03-08,Male,"Ayudante","City of Candon",1,2026-09-23T02:15:11.576837+00:00,MERGE SERVICES TO PRIMARY
EXACT_MATCH,EXACT-GRP-44,150132,"Castro, Joseph C.",1977-02-12,Male,"Allangigan Segundo","City of Candon",1,2026-05-28T07:52:08.850191+00:00,KEEP (Primary)
EXACT_MATCH,EXACT-GRP-44,320767,"Castro, Joseph C.",1977-02-12,Male,"Allangigan Segundo","City of Candon",1,2026-09-29T07:14:34.067818+00:00,MERGE SERVICES TO PRIMARY
EXACT_MATCH,EXACT-GRP-45,150190,"Pariñas, Jessie S.",1985-12-18,Male,"Allangigan Segundo","City of Candon",1,2026-05-28T07:52:08.850191+00:00,KEEP (Primary)
EXACT_MATCH,EXACT-GRP-45,320779,"Pariñas, Jessie S.",1985-12-18,Male,"Allangigan Segundo","City of Candon",1,2026-09-29T07:14:34.067818+00:00,MERGE SERVICES TO PRIMARY
EXACT_MATCH,EXACT-GRP-46,161013,"Reyes, Angelito D.",2023-06-23,Male,"Amguid","City of Candon",2,2026-06-01T06:09:09.311687+00:00,KEEP (Primary)
EXACT_MATCH,EXACT-GRP-46,278240,"Reyes, Angelito  D.",2023-06-23,Male,"Ayudante","City of Candon",1,2026-09-02T01:55:28.144246+00:00,MERGE SERVICES TO PRIMARY
EXACT_MATCH,EXACT-GRP-47,161233,"Gagarin,  Jason C.",1990-11-23,Male,"Bagani Gabor","City of Candon",1,2026-06-01T06:16:37.946331+00:00,KEEP (Primary)
EXACT_MATCH,EXACT-GRP-47,215822,"Gagarin, Jason C.",1990-11-23,Male,"Bagani Gabor","City of Candon",1,2026-06-22T07:25:44.820214+00:00,MERGE SERVICES TO PRIMARY
EXACT_MATCH,EXACT-GRP-48,161759,"Molina, Cresencia G.",1956-05-16,Female,"Allangigan Segundo","City of Candon",1,2026-06-01T07:24:37.723868+00:00,KEEP (Primary)
EXACT_MATCH,EXACT-GRP-48,320745,"Molina, Cresencia G.",1956-05-16,Female,"Allangigan Segundo","City of Candon",1,2026-09-29T07:14:34.067818+00:00,MERGE SERVICES TO PRIMARY
EXACT_MATCH,EXACT-GRP-49,161768,"Molina, Virgilio G.",1966-12-10,Male,"Allangigan Segundo","City of Candon",1,2026-06-01T07:24:37.723868+00:00,KEEP (Primary)
EXACT_MATCH,EXACT-GRP-49,320774,"Molina, Virgilio G.",1966-12-10,Male,"Allangigan Segundo","City of Candon",1,2026-09-29T07:14:34.067818+00:00,MERGE SERVICES TO PRIMARY
EXACT_MATCH,EXACT-GRP-50,171603,"Galima,  Raymundo V.",1981-10-26,Male,"Bagani Ubbog","City of Candon",1,2026-06-04T03:19:50.322519+00:00,KEEP (Primary)
EXACT_MATCH,EXACT-GRP-50,213867,"Galima, Raymundo V.",1981-10-26,Male,"Bagani Ubbog","City of Candon",1,2026-06-22T02:59:33.556054+00:00,MERGE SERVICES TO PRIMARY
EXACT_MATCH,EXACT-GRP-51,175484,"Balbin, Michael H.",1985-01-31,Male,"Allangigan Segundo","City of Candon",1,2026-06-04T10:07:40.783052+00:00,KEEP (Primary)
EXACT_MATCH,EXACT-GRP-51,320764,"Balbin, Michael H.",1985-01-31,Male,"Allangigan Segundo","City of Candon",1,2026-09-29T07:14:34.067818+00:00,MERGE SERVICES TO PRIMARY
EXACT_MATCH,EXACT-GRP-52,175518,"Balbin, Ruby P.",1977-02-17,Female,"Allangigan Segundo","City of Candon",1,2026-06-04T10:07:40.783052+00:00,KEEP (Primary)
EXACT_MATCH,EXACT-GRP-52,320750,"Balbin, Ruby P.",1977-02-17,Female,"Allangigan Segundo","City of Candon",1,2026-09-29T07:14:34.067818+00:00,MERGE SERVICES TO PRIMARY
EXACT_MATCH,EXACT-GRP-53,221646,"De Peralta, Esmeralda V.",1950-08-24,Female,"Allangigan Segundo","City of Candon",1,2026-06-24T05:44:02.140378+00:00,KEEP (Primary)
EXACT_MATCH,EXACT-GRP-53,320737,"De Peralta, Esmeralda  V.",1950-08-24,Female,"Allangigan Segundo","City of Candon",1,2026-09-29T07:14:34.067818+00:00,MERGE SERVICES TO PRIMARY
EXACT_MATCH,EXACT-GRP-54,221656,"Sanchez, Ronalyn P.",1989-12-16,Female,"Allangigan Segundo","City of Candon",1,2026-06-24T05:44:02.140378+00:00,KEEP (Primary)
EXACT_MATCH,EXACT-GRP-54,320759,"Sanchez, Ronalyn P.",1989-12-16,Female,"Allangigan Segundo","City of Candon",1,2026-09-29T07:14:34.067818+00:00,MERGE SERVICES TO PRIMARY
EXACT_MATCH,EXACT-GRP-55,221698,"Dasmariñas, Allan A.",1979-12-26,Male,"Allangigan Segundo","City of Candon",1,2026-06-24T05:44:02.140378+00:00,KEEP (Primary)
EXACT_MATCH,EXACT-GRP-55,320770,"Dasmariñas, Allan A.",1979-12-26,Male,"Allangigan Segundo","City of Candon",1,2026-09-29T07:14:34.067818+00:00,MERGE SERVICES TO PRIMARY
EXACT_MATCH,EXACT-GRP-56,223256,"Valdez, Elmo G.",1970-09-30,Male,"Allangigan Segundo","City of Candon",1,2026-06-24T07:57:52.677134+00:00,KEEP (Primary)
EXACT_MATCH,EXACT-GRP-56,320777,"Valdez, Elmo G.",1970-09-30,Male,"Allangigan Segundo","City of Candon",1,2026-09-29T07:14:34.067818+00:00,MERGE SERVICES TO PRIMARY
EXACT_MATCH,EXACT-GRP-57,223335,"Pascua, Mila M.",1969-09-24,Female,"Allangigan Segundo","City of Candon",1,2026-06-24T07:57:52.677134+00:00,KEEP (Primary)
EXACT_MATCH,EXACT-GRP-57,320758,"Pascua, Mila M.",1969-09-24,Female,"Allangigan Segundo","City of Candon",1,2026-09-29T07:14:34.067818+00:00,MERGE SERVICES TO PRIMARY
EXACT_MATCH,EXACT-GRP-58,230435,"Pendaden, Adrian, Skyler A.",2015-06-06,Male,"Amguid","City of Candon",1,2026-06-27T02:22:26.161199+00:00,KEEP (Primary)
EXACT_MATCH,EXACT-GRP-58,293846,"Pendaden, Adrian Skyler A.",2015-06-06,Male,"Santo Tomas","City of Candon",1,2026-09-20T13:39:50.967919+00:00,MERGE SERVICES TO PRIMARY
EXACT_MATCH,EXACT-GRP-59,230437,"Pendaden, Johann Wayne A.",2023-01-16,Male,"Amguid","City of Candon",1,2026-06-27T02:22:26.161199+00:00,KEEP (Primary)
EXACT_MATCH,EXACT-GRP-59,278671,"Pendaden, Johann  Wayne A.",2023-01-16,Male,"Amguid","City of Candon",1,2026-09-02T07:28:24.827035+00:00,MERGE SERVICES TO PRIMARY
EXACT_MATCH,EXACT-GRP-60,241418,"Borja, Amira Roleen D.",2024-07-19,Female,"Ayudante","City of Candon",2,2026-07-08T05:34:35.096462+00:00,KEEP (Primary)
EXACT_MATCH,EXACT-GRP-60,278253,"Borja,  Amira Roleen D.",2024-07-19,Male,"Ayudante","City of Candon",1,2026-09-02T02:17:04.649342+00:00,MERGE SERVICES TO PRIMARY
EXACT_MATCH,EXACT-GRP-61,278230,"Gadia, Ken Kaizer G.",2022-01-04,Male,"Ayudante","City of Candon",1,2026-09-02T01:45:01.146275+00:00,KEEP (Primary)
EXACT_MATCH,EXACT-GRP-61,297901,"Gadia,  Ken Kaizer G.",2022-01-04,Male,"Ayudante","City of Candon",1,2026-09-23T02:15:11.576837+00:00,MERGE SERVICES TO PRIMARY
EXACT_MATCH,EXACT-GRP-62,278251,"Soliven,Maria Joanna C.",2024-07-06,Male,"Ayudante","City of Candon",1,2026-09-02T02:14:24.706109+00:00,KEEP (Primary)
EXACT_MATCH,EXACT-GRP-62,297965,"Soliven, Maria Joanna C.",2024-07-06,Female,"Ayudante","City of Candon",1,2026-09-23T02:46:07.674078+00:00,MERGE SERVICES TO PRIMARY
EXACT_MATCH,EXACT-GRP-63,283571,"Gauran,  Myrna V.",1966-05-25,Female,"Allangigan Segundo","City of Candon",1,2026-09-09T09:11:18.846946+00:00,KEEP (Primary)
EXACT_MATCH,EXACT-GRP-63,320755,"Gauran, Myrna  V.",1966-05-25,Female,"Allangigan Segundo","City of Candon",1,2026-09-29T07:14:34.067818+00:00,MERGE SERVICES TO PRIMARY
EXACT_MATCH,EXACT-GRP-64,320756,"Iñigo, Ermel H.",1975-12-05,Female,"Allangigan Segundo","City of Candon",1,2026-09-29T07:14:34.067818+00:00,KEEP (Primary)
EXACT_MATCH,EXACT-GRP-64,321581,"Inigo, Ermel H.",1975-12-05,Male,"Allangigan Segundo","City of Candon",1,2026-09-29T08:50:22.303783+00:00,MERGE SERVICES TO PRIMARY
FUZZY_VARIATION,FUZZY-GRP-1,81041,"Turda, Carmelita R.",1947-04-30,Female,"Bagani Camposanto","City of Candon",0,2026-05-04T08:01:05.72298+00:00,REVIEW (Name variation with same DOB)
FUZZY_VARIATION,FUZZY-GRP-1,259816,"Torda, Carmelita R.",1947-04-30,Female,"Bagani Camposanto","City of Candon",0,2026-07-26T10:15:16.847823+00:00,REVIEW (Name variation with same DOB)
FUZZY_VARIATION,FUZZY-GRP-2,448,"Hurboda, Elna U.",1976-01-30,Male,"Allangigan Segundo","City of Candon",0,2026-03-18T02:33:30.793914+00:00,REVIEW (Name variation with same DOB)
FUZZY_VARIATION,FUZZY-GRP-2,175438,"Hurboda, Elna H.",1976-01-30,Female,"Allangigan Segundo","City of Candon",0,2026-06-04T10:07:40.783052+00:00,REVIEW (Name variation with same DOB)
FUZZY_VARIATION,FUZZY-GRP-3,450,"Balanza, Maxima G.",1952-05-11,Female,"Bagani Camposanto","City of Candon",0,2026-03-18T02:47:50.902047+00:00,REVIEW (Name variation with same DOB)
FUZZY_VARIATION,FUZZY-GRP-3,283192,"Balanza, Maxima C.",1952-05-11,Female,"Bagani Camposanto","City of Candon",0,2026-09-09T06:37:15.26537+00:00,REVIEW (Name variation with same DOB)
FUZZY_VARIATION,FUZZY-GRP-4,222348,"Valdez, Earl Asher Jay C.",2021-08-24,Male,"Allangigan Primero","City of Candon",0,2026-06-24T07:44:30.344314+00:00,REVIEW (Name variation with same DOB)
FUZZY_VARIATION,FUZZY-GRP-4,230214,"Valdez, Earl Ashen Jay C.",2021-08-24,Male,"Allangigan Primero","City of Candon",0,2026-06-27T00:10:53.692587+00:00,REVIEW (Name variation with same DOB)
FUZZY_VARIATION,FUZZY-GRP-5,478,"Valdez, Kiara Charreen P.",2024-08-20,Female,"Allangigan Segundo","City of Candon",0,2026-03-18T03:27:33.617183+00:00,REVIEW (Name variation with same DOB)
FUZZY_VARIATION,FUZZY-GRP-5,175426,"Valdez, Kiara Chaireen P.",2024-08-20,Female,"Allangigan Segundo","City of Candon",0,2026-06-04T10:07:40.783052+00:00,REVIEW (Name variation with same DOB)
FUZZY_VARIATION,FUZZY-GRP-6,485,"Caleso, Edwin O.",2018-10-26,Male,"Allangigan Segundo","City of Candon",0,2026-03-18T03:34:07.305073+00:00,REVIEW (Name variation with same DOB)
FUZZY_VARIATION,FUZZY-GRP-6,221645,"Caliso, Edwin G.",2018-10-26,Male,"Allangigan Segundo","City of Candon",0,2026-06-24T05:44:02.140378+00:00,REVIEW (Name variation with same DOB)
FUZZY_VARIATION,FUZZY-GRP-7,524,"Choy-awen, Maribeth G.",1967-08-24,Female,"Bagani Camposanto","City of Candon",0,2026-03-18T05:04:48.640249+00:00,REVIEW (Name variation with same DOB)
FUZZY_VARIATION,FUZZY-GRP-7,207418,"Choy-awen, Maribeth R.",1967-08-24,Female,"Bagani Camposanto","City of Candon",0,2026-06-18T04:52:04.311569+00:00,REVIEW (Name variation with same DOB)
FUZZY_VARIATION,FUZZY-GRP-8,536,"Raboc, Amelia G.",1961-09-13,Female,"Bagani Gabor","City of Candon",0,2026-03-18T05:30:38.755885+00:00,REVIEW (Name variation with same DOB)
FUZZY_VARIATION,FUZZY-GRP-8,34282,"Raboc, Emelia G.",1961-09-13,Female,"Bagani Gabor","City of Candon",0,2026-03-27T04:59:08.511435+00:00,REVIEW (Name variation with same DOB)
FUZZY_VARIATION,FUZZY-GRP-9,539,"Tejada, Marcelina G.",1959-03-05,Male,"Bagani Gabor","City of Candon",0,2026-03-18T05:35:48.796396+00:00,REVIEW (Name variation with same DOB)
FUZZY_VARIATION,FUZZY-GRP-9,215854,"Tejada, Marcelino G.",1959-03-05,Male,"Bagani Gabor","City of Candon",0,2026-06-22T07:25:44.820214+00:00,REVIEW (Name variation with same DOB)
FUZZY_VARIATION,FUZZY-GRP-10,15688,"Manzano, Venus Marivic B.",1970-02-08,Female,"Salvador Primero","City of Candon",0,2026-03-24T02:43:32.604244+00:00,REVIEW (Name variation with same DOB)
FUZZY_VARIATION,FUZZY-GRP-10,41216,"Manzano, Venus Marivic",1970-02-08,Female,"Salvador Primero","City of Candon",0,2026-03-29T14:46:48.406506+00:00,REVIEW (Name variation with same DOB)
FUZZY_VARIATION,FUZZY-GRP-11,15688,"Manzano, Venus Marivic B.",1970-02-08,Female,"Salvador Primero","City of Candon",0,2026-03-24T02:43:32.604244+00:00,REVIEW (Name variation with same DOB)
FUZZY_VARIATION,FUZZY-GRP-11,288833,"Manzano, Venus Marivie B.",1970-02-08,Female,"Salvador Primero","City of Candon",0,2026-09-14T08:14:19.124263+00:00,REVIEW (Name variation with same DOB)
FUZZY_VARIATION,FUZZY-GRP-12,33407,"Batin, Juliet D.",1975-04-07,Female,"Salvador Primero","City of Candon",0,2026-03-26T09:01:26.649551+00:00,REVIEW (Name variation with same DOB)
FUZZY_VARIATION,FUZZY-GRP-12,145315,"Batin, Julieta D.",1975-04-07,Female,"Salvador Primero","City of Candon",0,2026-05-26T06:49:21.800084+00:00,REVIEW (Name variation with same DOB)
FUZZY_VARIATION,FUZZY-GRP-13,34328,"Calindas, Teresa V.",1967-12-05,Male,"Bagani Camposanto","City of Candon",0,2026-03-27T05:41:59.2322+00:00,REVIEW (Name variation with same DOB)
FUZZY_VARIATION,FUZZY-GRP-13,207477,"Calindas, Teresita V.",1967-12-05,Female,"Bagani Camposanto","City of Candon",0,2026-06-18T04:52:04.311569+00:00,REVIEW (Name variation with same DOB)
FUZZY_VARIATION,FUZZY-GRP-14,34395,"Ramos, Cheche C.",1981-03-25,Female,"Bagani Camposanto","City of Candon",0,2026-03-27T06:02:31.804432+00:00,REVIEW (Name variation with same DOB)
FUZZY_VARIATION,FUZZY-GRP-14,251445,"Ramos, Che-che C.",1981-03-25,Female,"Bagani Camposanto","City of Candon",0,2026-07-20T03:36:14.266107+00:00,REVIEW (Name variation with same DOB)
FUZZY_VARIATION,FUZZY-GRP-15,34410,"Ramos, Mary Rose Q.",1978-10-04,Female,"Bagani Camposanto","City of Candon",0,2026-03-27T06:06:34.84798+00:00,REVIEW (Name variation with same DOB)
FUZZY_VARIATION,FUZZY-GRP-15,86224,"Ramos, Maryrose Q.",1978-10-04,Female,"Bagani Camposanto","City of Candon",0,2026-05-06T07:43:46.382393+00:00,REVIEW (Name variation with same DOB)
FUZZY_VARIATION,FUZZY-GRP-16,34412,"Ramos, Maryjean V.",1980-08-16,Female,"Bagani Camposanto","City of Candon",0,2026-03-27T06:07:37.896243+00:00,REVIEW (Name variation with same DOB)
FUZZY_VARIATION,FUZZY-GRP-16,281938,"Ramos, Mary Jean V.",1980-08-16,Female,"Bagani Camposanto","City of Candon",0,2026-09-08T05:49:03.149878+00:00,REVIEW (Name variation with same DOB)
FUZZY_VARIATION,FUZZY-GRP-17,34437,"Delos Reyes, Sonny S.",1983-02-24,Male,"Bagani Camposanto","City of Candon",0,2026-03-27T06:18:35.240601+00:00,REVIEW (Name variation with same DOB)
FUZZY_VARIATION,FUZZY-GRP-17,283123,"Delos Reyes, Sony S.",1983-02-24,Male,"Bagani Camposanto","City of Candon",0,2026-09-09T06:37:15.26537+00:00,REVIEW (Name variation with same DOB)
FUZZY_VARIATION,FUZZY-GRP-18,34460,"Mecos, Nestro A.",1978-12-11,Male,"Bagani Camposanto","City of Candon",0,2026-03-27T06:32:54.298953+00:00,REVIEW (Name variation with same DOB)
FUZZY_VARIATION,FUZZY-GRP-18,251401,"Mecos, Nestor A.",1978-12-11,Male,"Bagani Camposanto","City of Candon",0,2026-07-20T03:36:14.266107+00:00,REVIEW (Name variation with same DOB)
FUZZY_VARIATION,FUZZY-GRP-19,35776,"Domino, Tessie A.",1968-05-13,Female,"Cubcubbuot","City of Candon",0,2026-03-27T07:49:24.381172+00:00,REVIEW (Name variation with same DOB)
FUZZY_VARIATION,FUZZY-GRP-19,303702,"Dominno, Tessie A.",1968-05-13,Female,"Cubcubbuot","City of Candon",0,2026-09-26T05:47:15.770392+00:00,REVIEW (Name variation with same DOB)
FUZZY_VARIATION,FUZZY-GRP-20,35854,"Molina, Priscila P.",1966-10-18,Female,"Cubcubbuot","City of Candon",0,2026-03-27T08:34:09.731108+00:00,REVIEW (Name variation with same DOB)
FUZZY_VARIATION,FUZZY-GRP-20,298845,"Molina, Priscilla P.",1966-10-18,Female,"Cubcubbuot","City of Candon",0,2026-09-23T07:32:03.676508+00:00,REVIEW (Name variation with same DOB)
FUZZY_VARIATION,FUZZY-GRP-21,36165,"Versoza, Jennifer M.",1976-12-31,Female,"Cubcubbuot","City of Candon",0,2026-03-27T09:51:21.729669+00:00,REVIEW (Name variation with same DOB)
FUZZY_VARIATION,FUZZY-GRP-21,103789,"Verzosa, Jennifer M.",1976-12-31,Female,"Cubcubbuot","City of Candon",0,2026-05-13T03:14:40.408289+00:00,REVIEW (Name variation with same DOB)
FUZZY_VARIATION,FUZZY-GRP-22,36192,"Andres, Marcelo A.",1950-07-11,Male,"Allangigan Segundo","City of Candon",0,2026-03-27T10:21:20.840138+00:00,REVIEW (Name variation with same DOB)
FUZZY_VARIATION,FUZZY-GRP-22,117043,"Adres, Marcelo A.",1950-07-11,Male,"Allangigan Segundo","City of Candon",0,2026-05-19T06:03:18.457491+00:00,REVIEW (Name variation with same DOB)
FUZZY_VARIATION,FUZZY-GRP-23,37304,"Galinato, Artacia Tessie G.",1959-01-12,Female,"Bagani Ubbog","City of Candon",0,2026-03-28T02:53:15.350123+00:00,REVIEW (Name variation with same DOB)
FUZZY_VARIATION,FUZZY-GRP-23,171686,"Galinato, Astacia Tessie G.",1959-01-12,Female,"Bagani Ubbog","City of Candon",0,2026-06-04T03:19:50.322519+00:00,REVIEW (Name variation with same DOB)
FUZZY_VARIATION,FUZZY-GRP-24,37316,"Toquero, Dante G.",1974-09-06,Male,"Bagani Ubbog","City of Candon",0,2026-03-28T03:01:26.972688+00:00,REVIEW (Name variation with same DOB)
FUZZY_VARIATION,FUZZY-GRP-24,213850,"Toquero, Dante V.",1974-09-06,Male,"Bagani Ubbog","City of Candon",0,2026-06-22T02:59:33.556054+00:00,REVIEW (Name variation with same DOB)
FUZZY_VARIATION,FUZZY-GRP-25,37337,"Iñigo, Irenio C.",1961-03-25,Male,"Allangigan Segundo","City of Candon",0,2026-03-28T04:03:35.379554+00:00,REVIEW (Name variation with same DOB)
FUZZY_VARIATION,FUZZY-GRP-25,116994,"Inigo, Ireneo C.",1961-03-25,Male,"Allangigan Segundo","City of Candon",0,2026-05-19T06:03:18.457491+00:00,REVIEW (Name variation with same DOB)
FUZZY_VARIATION,FUZZY-GRP-26,37656,"Alcantarra, Mely M.",1965-09-10,Female,"Allangigan Primero","City of Candon",0,2026-03-28T12:50:47.176737+00:00,REVIEW (Name variation with same DOB)
FUZZY_VARIATION,FUZZY-GRP-26,46143,"Alcantara, Mely M.",1965-09-10,Female,"Allangigan Primero","City of Candon",0,2026-03-30T12:49:02.055388+00:00,REVIEW (Name variation with same DOB)
FUZZY_VARIATION,FUZZY-GRP-27,37668,"Galeon, Lita B.",1965-11-04,Female,"Allangigan Primero","City of Candon",0,2026-03-28T12:58:03.20597+00:00,REVIEW (Name variation with same DOB)
FUZZY_VARIATION,FUZZY-GRP-27,230165,"Galcon, Lita B.",1965-11-04,Female,"Allangigan Primero","City of Candon",0,2026-06-27T00:10:53.692587+00:00,REVIEW (Name variation with same DOB)
FUZZY_VARIATION,FUZZY-GRP-28,37711,"Tangaag, Liezel",2001-07-16,Female,"San Andres","City of Candon",0,2026-03-28T13:21:24.091447+00:00,REVIEW (Name variation with same DOB)
FUZZY_VARIATION,FUZZY-GRP-28,129854,"Tangaag, Liezel M.",2001-07-16,Female,"San Andres","City of Candon",0,2026-05-22T08:14:11.872508+00:00,REVIEW (Name variation with same DOB)
FUZZY_VARIATION,FUZZY-GRP-29,37716,"Gomintong, Hallel Haniel S.",2025-09-02,Male,"San Andres","City of Candon",0,2026-03-28T13:24:00.894892+00:00,REVIEW (Name variation with same DOB)
FUZZY_VARIATION,FUZZY-GRP-29,206836,"Gomintong, Haliel Haniel S.",2025-09-02,Male,"San Andres","City of Candon",0,2026-06-18T02:15:12.653449+00:00,REVIEW (Name variation with same DOB)
FUZZY_VARIATION,FUZZY-GRP-30,37881,"Wagayen, Kyzyll Kenzo B.",2023-12-29,Male,"San Andres","City of Candon",0,2026-03-28T13:28:15.367866+00:00,REVIEW (Name variation with same DOB)
FUZZY_VARIATION,FUZZY-GRP-30,156871,"Wagayen, Rizyll Kenzo B.",2023-12-29,Male,"San Andres","City of Candon",0,2026-05-30T08:32:38.280687+00:00,REVIEW (Name variation with same DOB)
FUZZY_VARIATION,FUZZY-GRP-31,37889,"Ingen, Jayson D.",1997-05-26,Male,"San Andres","City of Candon",0,2026-03-28T13:34:44.862174+00:00,REVIEW (Name variation with same DOB)
FUZZY_VARIATION,FUZZY-GRP-31,129760,"Ingen, Jatson D.",1997-05-26,Male,"San Andres","City of Candon",0,2026-05-22T08:14:11.872508+00:00,REVIEW (Name variation with same DOB)
FUZZY_VARIATION,FUZZY-GRP-32,37895,"Rumbaoa, Naida S.",1960-08-08,Female,"San Andres","City of Candon",0,2026-03-28T13:43:38.233861+00:00,REVIEW (Name variation with same DOB)
FUZZY_VARIATION,FUZZY-GRP-32,150006,"Rumboa, Naida S.",1960-08-08,Female,"Allangigan Primero","City of Candon",0,2026-05-28T07:34:32.096739+00:00,REVIEW (Name variation with same DOB)
FUZZY_VARIATION,FUZZY-GRP-33,38032,"Solomon, Purificacion I.,",1959-11-04,Female,"San Andres","City of Candon",0,2026-03-28T13:47:25.436348+00:00,REVIEW (Name variation with same DOB)
FUZZY_VARIATION,FUZZY-GRP-33,241903,"Solomon, Purification I.",1959-11-04,Female,"San Andres","City of Candon",0,2026-07-08T07:16:33.858678+00:00,REVIEW (Name variation with same DOB)
FUZZY_VARIATION,FUZZY-GRP-34,38565,"Mones, Gwendydd C.",2022-10-09,Female,"Salvador Primero","City of Candon",0,2026-03-29T05:20:05.619146+00:00,REVIEW (Name variation with same DOB)
FUZZY_VARIATION,FUZZY-GRP-34,140125,"Mones, Gwendyad C.",2022-10-09,Male,"Salvador Primero","City of Candon",0,2026-05-25T05:37:40.963202+00:00,REVIEW (Name variation with same DOB)
FUZZY_VARIATION,FUZZY-GRP-35,38568,"Batin, Richilyn G.",1978-08-16,Female,"Salvador Primero","City of Candon",0,2026-03-29T05:25:07.624007+00:00,REVIEW (Name variation with same DOB)
FUZZY_VARIATION,FUZZY-GRP-35,288809,"Batin, Richlyn G.",1978-08-16,Female,"Salvador Primero","City of Candon",0,2026-09-14T08:14:19.124263+00:00,REVIEW (Name variation with same DOB)
FUZZY_VARIATION,FUZZY-GRP-36,41230,"Vazquez, Mirasol M.",1981-10-11,Female,"Salvador Primero","City of Candon",0,2026-03-29T15:04:29.199448+00:00,REVIEW (Name variation with same DOB)
FUZZY_VARIATION,FUZZY-GRP-36,95876,"Vasquez, Mirasol M.",1981-10-11,Female,"Salvador Primero","City of Candon",1,2026-05-09T01:17:52.714577+00:00,REVIEW (Name variation with same DOB)
FUZZY_VARIATION,FUZZY-GRP-37,41230,"Vazquez, Mirasol M.",1981-10-11,Female,"Salvador Primero","City of Candon",0,2026-03-29T15:04:29.199448+00:00,REVIEW (Name variation with same DOB)
FUZZY_VARIATION,FUZZY-GRP-37,100776,"Vasquez, Mirasol M ",1981-10-11,Female,"Salvador Primero","City of Candon",1,2026-05-11T07:10:22.288167+00:00,REVIEW (Name variation with same DOB)
FUZZY_VARIATION,FUZZY-GRP-38,41238,"Dawisan, Alipio D.",1948-01-29,Male,"Salvador Primero","City of Candon",0,2026-03-29T15:15:10.858496+00:00,REVIEW (Name variation with same DOB)
FUZZY_VARIATION,FUZZY-GRP-38,288873,"Dawisan, Halipio D.",1948-01-29,Male,"Salvador Primero","City of Candon",0,2026-09-14T08:14:19.124263+00:00,REVIEW (Name variation with same DOB)
FUZZY_VARIATION,FUZZY-GRP-39,42319,"Hufana, Shane V.",2023-07-13,Female,"Paypayad","City of Candon",0,2026-03-30T04:00:32.975198+00:00,REVIEW (Name variation with same DOB)
FUZZY_VARIATION,FUZZY-GRP-39,79706,"Hufana, Shayne V.",2023-07-13,Female,"Paypayad","City of Candon",0,2026-05-01T13:20:59.733508+00:00,REVIEW (Name variation with same DOB)
FUZZY_VARIATION,FUZZY-GRP-40,42342,"Pascua, Joehanna A.",2015-09-24,Male,"Paypayad","City of Candon",0,2026-03-30T04:09:10.510958+00:00,REVIEW (Name variation with same DOB)
FUZZY_VARIATION,FUZZY-GRP-40,79770,"Pascua, Joe Hannah A.",2015-09-24,Female,"Paypayad","City of Candon",0,2026-05-01T14:00:05.05057+00:00,REVIEW (Name variation with same DOB)
FUZZY_VARIATION,FUZZY-GRP-41,42782,"Cosales, Juanita M.",1952-09-26,Female,"Bagani Ubbog","City of Candon",0,2026-03-30T05:58:14.12975+00:00,REVIEW (Name variation with same DOB)
FUZZY_VARIATION,FUZZY-GRP-41,117274,"Costales, Juanita M.",1952-09-26,Female,"Bagani Ubbog","City of Candon",0,2026-05-19T06:44:57.53572+00:00,REVIEW (Name variation with same DOB)
FUZZY_VARIATION,FUZZY-GRP-42,42786,"Duque, Eliza V.",1958-09-09,Female,"Bagani Ubbog","City of Candon",0,2026-03-30T06:01:10.629795+00:00,REVIEW (Name variation with same DOB)
FUZZY_VARIATION,FUZZY-GRP-42,213771,"Duque, Elma V.",1958-09-09,Female,"Bagani Ubbog","City of Candon",0,2026-06-22T02:59:33.556054+00:00,REVIEW (Name variation with same DOB)
FUZZY_VARIATION,FUZZY-GRP-43,43887,"Gagto, Cecilia I.",1953-01-08,Female,"Bagani Tocgo","City of Candon",0,2026-03-30T07:25:26.066951+00:00,REVIEW (Name variation with same DOB)
FUZZY_VARIATION,FUZZY-GRP-43,168237,"Gagto, Cecilia G.",1953-01-08,Female,"Bagani Tocgo","City of Candon",0,2026-06-03T04:12:07.96454+00:00,REVIEW (Name variation with same DOB)
FUZZY_VARIATION,FUZZY-GRP-44,43888,"Gasatan, Arabella A.",2019-07-07,Female,"Paypayad","City of Candon",0,2026-03-30T07:25:51.783756+00:00,REVIEW (Name variation with same DOB)
FUZZY_VARIATION,FUZZY-GRP-44,66329,"Gasata, Arabela A.",2019-07-07,Female,"Paypayad","City of Candon",0,2026-04-15T04:28:29.550913+00:00,REVIEW (Name variation with same DOB)
FUZZY_VARIATION,FUZZY-GRP-45,43904,"Espada, Jeann Gabriel G.",2023-04-07,Male,"Paypayad","City of Candon",0,2026-03-30T07:30:32.493511+00:00,REVIEW (Name variation with same DOB)
FUZZY_VARIATION,FUZZY-GRP-45,145724,"Espada, Sean Gabriel G.",2023-04-07,Male,"Paypayad","City of Candon",0,2026-05-26T07:53:10.366351+00:00,REVIEW (Name variation with same DOB)
FUZZY_VARIATION,FUZZY-GRP-46,43971,"Gamer, Jose Mari A.",1986-12-20,Male,"Bagani Tocgo","City of Candon",0,2026-03-30T07:46:45.601615+00:00,REVIEW (Name variation with same DOB)
FUZZY_VARIATION,FUZZY-GRP-46,271201,"gamer Jose Mari",1986-12-20,Male,"Bagani Tocgo","City of Candon",0,2026-08-05T01:37:32.064424+00:00,REVIEW (Name variation with same DOB)
FUZZY_VARIATION,FUZZY-GRP-47,46180,"Gacay, Susisma A.",1957-12-28,Female,"Allangigan Primero","City of Candon",0,2026-03-30T13:06:04.499527+00:00,REVIEW (Name variation with same DOB)
FUZZY_VARIATION,FUZZY-GRP-47,149942,"Gacay, Sosima A.",1957-12-28,Female,"Allangigan Primero","City of Candon",0,2026-05-28T07:34:32.096739+00:00,REVIEW (Name variation with same DOB)
FUZZY_VARIATION,FUZZY-GRP-48,46404,"Bisting, Florentina D.",1955-03-15,Female,"Palacapac","City of Candon",0,2026-03-30T14:17:19.487408+00:00,REVIEW (Name variation with same DOB)
FUZZY_VARIATION,FUZZY-GRP-48,238509,"Bisiting, Florentina D.",1955-03-15,Female,"Palacapac","City of Candon",0,2026-06-30T06:01:55.949637+00:00,REVIEW (Name variation with same DOB)
FUZZY_VARIATION,FUZZY-GRP-49,46410,"Canael, Nieves L.",1941-11-14,Female,"Palacapac","City of Candon",0,2026-03-30T14:19:11.973398+00:00,REVIEW (Name variation with same DOB)
FUZZY_VARIATION,FUZZY-GRP-49,106701,"Cabael, Nieves L.",1941-11-14,Male,"Palacapac","City of Candon",0,2026-05-14T05:56:03.293715+00:00,REVIEW (Name variation with same DOB)
FUZZY_VARIATION,FUZZY-GRP-50,46440,"Malamion, Jason J.",1981-07-25,Male,"Palacapac","City of Candon",0,2026-03-30T14:25:45.446765+00:00,REVIEW (Name variation with same DOB)
FUZZY_VARIATION,FUZZY-GRP-50,106747,"Malamion, Jayson J.",1981-07-25,Male,"Palacapac","City of Candon",0,2026-05-14T05:56:03.293715+00:00,REVIEW (Name variation with same DOB)
FUZZY_VARIATION,FUZZY-GRP-51,207708,"Galla, Tessie R.",1958-02-20,Female,"Bagani Camposanto","City of Candon",0,2026-06-18T04:52:04.311569+00:00,REVIEW (Name variation with same DOB)
FUZZY_VARIATION,FUZZY-GRP-51,259588,"Galla, Jessie R.",1958-02-20,Female,"Bagani Camposanto","City of Candon",0,2026-07-26T08:59:07.061484+00:00,REVIEW (Name variation with same DOB)
FUZZY_VARIATION,FUZZY-GRP-52,47003,"Dizon, Adelia R.",1962-12-16,Female,"Palacapac","City of Candon",0,2026-03-30T14:52:46.076758+00:00,REVIEW (Name variation with same DOB)
FUZZY_VARIATION,FUZZY-GRP-52,120548,"Dizon, Adelina S.",1962-12-16,Female,"Palacapac","City of Candon",0,2026-05-20T07:43:06.936523+00:00,REVIEW (Name variation with same DOB)
FUZZY_VARIATION,FUZZY-GRP-53,47027,"Gallen, Brylle Axel C.",2014-10-01,Male,"San Andres","City of Candon",0,2026-03-30T15:07:57.389977+00:00,REVIEW (Name variation with same DOB)
FUZZY_VARIATION,FUZZY-GRP-53,241827,"Gallen, Bryle Arel C.",2014-10-01,Male,"San Andres","City of Candon",0,2026-07-08T07:16:33.858678+00:00,REVIEW (Name variation with same DOB)
FUZZY_VARIATION,FUZZY-GRP-54,47028,"Tudayan, Manel Federico D",2005-09-21,Male,"San Andres","City of Candon",0,2026-03-30T15:08:49.752068+00:00,REVIEW (Name variation with same DOB)
FUZZY_VARIATION,FUZZY-GRP-54,206857,"Tudayan, Manuel federico D.",2005-09-21,Male,"San Andres","City of Candon",0,2026-06-18T02:15:12.653449+00:00,REVIEW (Name variation with same DOB)
FUZZY_VARIATION,FUZZY-GRP-55,47038,"Dagusen, Ritz Carlo B.",1999-09-03,Male,"San Andres","City of Candon",0,2026-03-30T15:15:07.659343+00:00,REVIEW (Name variation with same DOB)
FUZZY_VARIATION,FUZZY-GRP-55,129704,"Dagusen, Rits Carlo B.",1999-09-03,Male,"San Andres","City of Candon",0,2026-05-22T08:14:11.872508+00:00,REVIEW (Name variation with same DOB)
FUZZY_VARIATION,FUZZY-GRP-56,47171,"Astrero, Ronette G.",1992-03-13,Male,"Bagani Tocgo","City of Candon",0,2026-03-30T15:35:16.604012+00:00,REVIEW (Name variation with same DOB)
FUZZY_VARIATION,FUZZY-GRP-56,208046,"Astrero, Ronette L.",1992-03-13,Female,"Bagani Tocgo","City of Candon",0,2026-06-18T06:29:44.121015+00:00,REVIEW (Name variation with same DOB)
FUZZY_VARIATION,FUZZY-GRP-57,47181,"Valdez, Dellia G.",1962-11-02,Female,"Bagani Ubbog","City of Candon",0,2026-03-30T15:47:59.879478+00:00,REVIEW (Name variation with same DOB)
FUZZY_VARIATION,FUZZY-GRP-57,213745,"Valdez, Delia G.",1962-11-02,Female,"Bagani Ubbog","City of Candon",0,2026-06-22T02:59:33.556054+00:00,REVIEW (Name variation with same DOB)
FUZZY_VARIATION,FUZZY-GRP-58,48637,"Esternon, Amelia V.",1952-11-19,Female,"Bagani Camposanto","City of Candon",0,2026-03-31T02:43:08.187491+00:00,REVIEW (Name variation with same DOB)
FUZZY_VARIATION,FUZZY-GRP-58,66276,"Esternon, Amalia V.",1952-11-19,Female,"Bagani Camposanto","City of Candon",0,2026-04-15T03:05:09.841322+00:00,REVIEW (Name variation with same DOB)
FUZZY_VARIATION,FUZZY-GRP-59,62022,"Gallen, Jonathan  M.",1990-06-26,Male,"San Andres","City of Candon",0,2026-04-03T06:49:35.887695+00:00,REVIEW (Name variation with same DOB)
FUZZY_VARIATION,FUZZY-GRP-59,241825,"Gallen, Jonathan D.",1990-06-26,Male,"San Andres","City of Candon",0,2026-07-08T07:16:33.858678+00:00,REVIEW (Name variation with same DOB)
FUZZY_VARIATION,FUZZY-GRP-60,62537,"Gorgornio, Vicky W.",1954-05-15,Female,"San Andres","City of Candon",0,2026-04-03T07:33:56.78455+00:00,REVIEW (Name variation with same DOB)
FUZZY_VARIATION,FUZZY-GRP-60,256794,"Gorogorio, Vicky W.",1954-05-15,Female,"San Andres","City of Candon",0,2026-07-23T06:25:11.636756+00:00,REVIEW (Name variation with same DOB)
FUZZY_VARIATION,FUZZY-GRP-61,62555,"Gabayan, Robert ",1980-05-07,Male,"San Andres","City of Candon",0,2026-04-03T08:18:35.850954+00:00,REVIEW (Name variation with same DOB)
FUZZY_VARIATION,FUZZY-GRP-61,129697,"Gabayan, Robert R.",1980-05-07,Male,"San Andres","City of Candon",0,2026-05-22T08:14:11.872508+00:00,REVIEW (Name variation with same DOB)
FUZZY_VARIATION,FUZZY-GRP-62,62557,"Manzano, Elmer Sy. D.",1976-09-27,Male,"San Andres","City of Candon",0,2026-04-03T08:26:36.850304+00:00,REVIEW (Name variation with same DOB)
FUZZY_VARIATION,FUZZY-GRP-62,156720,"Manzano, Elmer Sr D.",1976-09-27,Male,"San Andres","City of Candon",0,2026-05-30T08:32:38.280687+00:00,REVIEW (Name variation with same DOB)
FUZZY_VARIATION,FUZZY-GRP-63,62559,"Manzano, Keyden O.",2021-10-17,Male,"San Andres","City of Candon",0,2026-04-03T08:29:44.817049+00:00,REVIEW (Name variation with same DOB)
FUZZY_VARIATION,FUZZY-GRP-63,238675,"Manzano, Kayden O.",2021-10-17,Male,"San Andres","City of Candon",0,2026-06-30T06:09:43.61275+00:00,REVIEW (Name variation with same DOB)
FUZZY_VARIATION,FUZZY-GRP-64,104463,"Galicia, Prejoven III S.",1995-07-28,Male,"Bagani Camposanto","City of Candon",0,2026-05-13T06:07:52.235978+00:00,REVIEW (Name variation with same DOB)
FUZZY_VARIATION,FUZZY-GRP-64,261362,"Galicia, Prejoven II S.",1995-07-28,Male,"Paypayad","City of Candon",0,2026-07-27T06:27:22.914295+00:00,REVIEW (Name variation with same DOB)
FUZZY_VARIATION,FUZZY-GRP-65,104472,"Galima, Cristine Joy G.",1998-09-18,Female,"Bagani Camposanto","City of Candon",0,2026-05-13T06:07:52.235978+00:00,REVIEW (Name variation with same DOB)
FUZZY_VARIATION,FUZZY-GRP-65,171569,"Galima, Christine Joy G.",1998-09-18,Female,"Bagani Ubbog","City of Candon",0,2026-06-04T03:19:50.322519+00:00,REVIEW (Name variation with same DOB)
FUZZY_VARIATION,FUZZY-GRP-66,65307,"Galima, Arsenia S.",1947-08-10,Female,"Paypayad","City of Candon",0,2026-04-14T05:55:01.224222+00:00,REVIEW (Name variation with same DOB)
FUZZY_VARIATION,FUZZY-GRP-66,84754,"Galima, Arsenio S.",1947-08-10,Male,"Paypayad","City of Candon",0,2026-05-06T01:29:43.003158+00:00,REVIEW (Name variation with same DOB)
FUZZY_VARIATION,FUZZY-GRP-67,65369,"Del Rosario, Rodel A.",1994-08-24,Male,"Paypayad","City of Candon",0,2026-04-14T06:30:33.260724+00:00,REVIEW (Name variation with same DOB)
FUZZY_VARIATION,FUZZY-GRP-67,101125,"Del Rosario, Ronel A.",1994-08-24,Male,"Paypayad","City of Candon",0,2026-05-11T08:40:39.60335+00:00,REVIEW (Name variation with same DOB)
FUZZY_VARIATION,FUZZY-GRP-68,65376,"Alviento, Jeric V.",1983-05-17,Male,"Paypayad","City of Candon",0,2026-04-14T06:33:56.737682+00:00,REVIEW (Name variation with same DOB)
FUZZY_VARIATION,FUZZY-GRP-68,101154,"Alviento, Jerick V.",1983-05-17,Male,"Paypayad","City of Candon",0,2026-05-11T10:35:15.029229+00:00,REVIEW (Name variation with same DOB)
FUZZY_VARIATION,FUZZY-GRP-69,230434,"Pendaden, Joanna A.",1990-08-14,Female,"Amguid","City of Candon",0,2026-06-27T02:22:26.161199+00:00,REVIEW (Name variation with same DOB)
FUZZY_VARIATION,FUZZY-GRP-69,293845,"Pendaden, Joana A.",1990-08-14,Female,"Santo Tomas","City of Candon",0,2026-09-20T13:39:50.967919+00:00,REVIEW (Name variation with same DOB)
FUZZY_VARIATION,FUZZY-GRP-70,66505,"Palacielo, Reynato A.",1964-10-26,Male,"Bagani Camposanto","City of Candon",0,2026-04-15T06:00:30.70888+00:00,REVIEW (Name variation with same DOB)
FUZZY_VARIATION,FUZZY-GRP-70,85087,"Palacielo, Renato A.",1964-10-26,Male,"Bagani Camposanto","City of Candon",0,2026-05-06T03:45:41.877931+00:00,REVIEW (Name variation with same DOB)
FUZZY_VARIATION,FUZZY-GRP-71,104618,"Cagdan, Hazel A.",1992-01-25,Female,"Cubcubbuot","City of Candon",0,2026-05-13T06:09:45.21443+00:00,REVIEW (Name variation with same DOB)
FUZZY_VARIATION,FUZZY-GRP-71,303705,"Cagdan, Hazel B.",1992-01-25,Female,"Cubcubbuot","City of Candon",0,2026-09-26T05:47:15.770392+00:00,REVIEW (Name variation with same DOB)
FUZZY_VARIATION,FUZZY-GRP-72,66570,"Layao, Ronalyn C.",1992-02-07,Female,"Cubcubbuot","City of Candon",0,2026-04-15T06:26:18.61066+00:00,REVIEW (Name variation with same DOB)
FUZZY_VARIATION,FUZZY-GRP-72,66575,"Layao, Rinalyn C.",1992-02-07,Female,"Cubcubbuot","City of Candon",0,2026-04-15T06:27:19.213614+00:00,REVIEW (Name variation with same DOB)
FUZZY_VARIATION,FUZZY-GRP-73,66754,"Julio, James Tyron S.",2018-03-13,Male,"Bagani Camposanto","City of Candon",0,2026-04-15T08:05:33.334838+00:00,REVIEW (Name variation with same DOB)
FUZZY_VARIATION,FUZZY-GRP-73,102289,"Julio, James Tyron",2018-03-13,Male,"Paypayad","City of Candon",0,2026-05-12T06:10:34.40722+00:00,REVIEW (Name variation with same DOB)
FUZZY_VARIATION,FUZZY-GRP-74,67113,"Galario, Zachary Kaiden ",2024-03-19,Male,"Bagani Ubbog","City of Candon",0,2026-04-16T03:24:17.491516+00:00,REVIEW (Name variation with same DOB)
FUZZY_VARIATION,FUZZY-GRP-74,277808,"Galario, Zachry Kaiden",2024-03-19,Male,"Bagani Ubbog","City of Candon",0,2026-08-30T04:13:26.504069+00:00,REVIEW (Name variation with same DOB)
FUZZY_VARIATION,FUZZY-GRP-75,67177,"Velano, Jennefer E. ",1990-06-08,Female,"Bagani Tocgo","City of Candon",0,2026-04-16T05:03:46.508187+00:00,REVIEW (Name variation with same DOB)
FUZZY_VARIATION,FUZZY-GRP-75,271207,"Velano, Jennifer E.",1990-06-08,Female,"Bagani Tocgo","City of Candon",0,2026-08-05T01:37:32.064424+00:00,REVIEW (Name variation with same DOB)
FUZZY_VARIATION,FUZZY-GRP-76,149825,"Mangay-aya,, Edmund T.",1976-08-22,Male,"Allangigan Primero","City of Candon",0,2026-05-28T07:34:32.096739+00:00,REVIEW (Name variation with same DOB)
FUZZY_VARIATION,FUZZY-GRP-76,283059,"Mangay-ayam, Edmund T.",1976-08-22,Male,"Allangigan Primero","City of Candon",0,2026-09-09T06:36:30.215767+00:00,REVIEW (Name variation with same DOB)
FUZZY_VARIATION,FUZZY-GRP-77,70598,"Gadica, Anna Marie P.",1956-05-12,Female,"Santo Tomas","City of Candon",0,2026-04-20T13:39:09.301813+00:00,REVIEW (Name variation with same DOB)
FUZZY_VARIATION,FUZZY-GRP-77,222378,"Gadia, Anna Marie P.",1956-05-12,Female,"Santo Tomas","City of Candon",0,2026-06-24T07:47:06.149266+00:00,REVIEW (Name variation with same DOB)
FUZZY_VARIATION,FUZZY-GRP-78,71700,"Castro, Marilou M.",1971-04-13,Female,"Allangigan Segundo","City of Candon",0,2026-04-22T03:23:50.4428+00:00,REVIEW (Name variation with same DOB)
FUZZY_VARIATION,FUZZY-GRP-78,161859,"Castro, Marlou M.",1971-04-13,Female,"Allangigan Segundo","City of Candon",0,2026-06-01T07:24:51.839834+00:00,REVIEW (Name variation with same DOB)
FUZZY_VARIATION,FUZZY-GRP-79,71741,"Balbin, Leticia H.",1958-03-30,Female,"Allangigan Segundo","City of Candon",0,2026-04-22T03:50:25.060818+00:00,REVIEW (Name variation with same DOB)
FUZZY_VARIATION,FUZZY-GRP-79,175482,"Balbin, Letecia H.",1958-03-30,Female,"Allangigan Segundo","City of Candon",0,2026-06-04T10:07:40.783052+00:00,REVIEW (Name variation with same DOB)
FUZZY_VARIATION,FUZZY-GRP-80,71797,"Cudiamat, Leonardo V.",1983-03-14,Male,"Allangigan Segundo","City of Candon",0,2026-04-22T03:54:41.946557+00:00,REVIEW (Name variation with same DOB)
FUZZY_VARIATION,FUZZY-GRP-80,150095,"Cudiamat, Leonard V.",1983-03-14,Male,"Allangigan Segundo","City of Candon",0,2026-05-28T07:52:08.850191+00:00,REVIEW (Name variation with same DOB)
FUZZY_VARIATION,FUZZY-GRP-81,320761,"Vallejos, Alonica B.",1984-02-21,Female,"Allangigan Segundo","City of Candon",0,2026-09-29T07:14:34.067818+00:00,REVIEW (Name variation with same DOB)
FUZZY_VARIATION,FUZZY-GRP-81,321563,"Vallejos, Alouica B.",1984-02-21,Female,"Allangigan Segundo","City of Candon",0,2026-09-29T08:50:22.303783+00:00,REVIEW (Name variation with same DOB)
FUZZY_VARIATION,FUZZY-GRP-82,78595,"Valdez, Luzviminda",1980-12-13,Female,"San Pedro","City of Candon",0,2026-04-30T04:52:07.441228+00:00,REVIEW (Name variation with same DOB)
FUZZY_VARIATION,FUZZY-GRP-82,251031,"Valdez, Luzviminda G.",1980-12-13,Female,"San Pedro","City of Candon",0,2026-07-20T01:41:12.933795+00:00,REVIEW (Name variation with same DOB)
FUZZY_VARIATION,FUZZY-GRP-83,78655,"Brillo, Clarhiz Jem G.",2013-09-25,Female,"Ayudante","City of Candon",0,2026-04-30T06:08:50.732461+00:00,REVIEW (Name variation with same DOB)
FUZZY_VARIATION,FUZZY-GRP-83,297918,"Brillo, Clarhiz Jhem  G.",2013-09-25,Female,"Ayudante","City of Candon",0,2026-09-23T02:15:11.576837+00:00,REVIEW (Name variation with same DOB)
FUZZY_VARIATION,FUZZY-GRP-84,78663,"Cortado, Jean A.",1947-04-23,Female,"Ayudante","City of Candon",0,2026-04-30T06:13:25.324766+00:00,REVIEW (Name variation with same DOB)
FUZZY_VARIATION,FUZZY-GRP-84,270683,"Cortado, Jean",1947-04-23,Female,"Ayudante","City of Candon",0,2026-08-04T06:28:08.27616+00:00,REVIEW (Name variation with same DOB)
FUZZY_VARIATION,FUZZY-GRP-85,78665,"Soliven, Jennifer D.",1998-04-25,Female,"San Pedro","City of Candon",0,2026-04-30T06:13:43.695+00:00,REVIEW (Name variation with same DOB)
FUZZY_VARIATION,FUZZY-GRP-85,251007,"Soliven, Jennyfer D.",1998-04-25,Female,"San Pedro","City of Candon",0,2026-07-20T01:41:12.933795+00:00,REVIEW (Name variation with same DOB)
FUZZY_VARIATION,FUZZY-GRP-86,78666,"Gadia, Queenie M.",2012-08-29,Female,"Ayudante","City of Candon",0,2026-04-30T06:14:13.937418+00:00,REVIEW (Name variation with same DOB)
FUZZY_VARIATION,FUZZY-GRP-86,113358,"Gadia, Quennie M.",2012-08-29,Female,"Ayudante","City of Candon",0,2026-05-18T04:21:25.260015+00:00,REVIEW (Name variation with same DOB)
FUZZY_VARIATION,FUZZY-GRP-87,78676,"Cortado, Filomena G.",1941-02-24,Female,"Ayudante","City of Candon",0,2026-04-30T06:19:50.409302+00:00,REVIEW (Name variation with same DOB)
FUZZY_VARIATION,FUZZY-GRP-87,81703,"Cortado, Felomina G.",1941-02-24,Female,"Ayudante","City of Candon",0,2026-05-05T06:38:07.454085+00:00,REVIEW (Name variation with same DOB)
FUZZY_VARIATION,FUZZY-GRP-88,78683,"Cordova, Matt Ivan P.",2016-09-11,Male,"Ayudante","City of Candon",0,2026-04-30T06:24:28.468941+00:00,REVIEW (Name variation with same DOB)
FUZZY_VARIATION,FUZZY-GRP-88,270774,"Cordova, Matt Aivan P.",2016-09-11,Male,"Ayudante","City of Candon",0,2026-08-04T06:28:41.304519+00:00,REVIEW (Name variation with same DOB)
FUZZY_VARIATION,FUZZY-GRP-89,78690,"Cortado, Canuta G.",1939-01-31,Female,"Ayudante","City of Candon",0,2026-04-30T06:28:20.182737+00:00,REVIEW (Name variation with same DOB)
FUZZY_VARIATION,FUZZY-GRP-89,270687,"Cotrtado, Canita G.",1939-01-31,Female,"Ayudante","City of Candon",0,2026-08-04T06:28:08.27616+00:00,REVIEW (Name variation with same DOB)
FUZZY_VARIATION,FUZZY-GRP-90,79692,"Salvacion, Bernard G.",1988-12-21,Male,"Paypayad","City of Candon",0,2026-05-01T12:40:18.012484+00:00,REVIEW (Name variation with same DOB)
FUZZY_VARIATION,FUZZY-GRP-90,102254,"Salvacion, Bernardo G.",1988-12-21,Male,"Paypayad","City of Candon",0,2026-05-12T06:04:30.796531+00:00,REVIEW (Name variation with same DOB)
FUZZY_VARIATION,FUZZY-GRP-91,116792,"Orpilla, JM C.",2018-09-16,Male,"Salvador Segundo","City of Candon",0,2026-05-19T06:02:04.868888+00:00,REVIEW (Name variation with same DOB)
FUZZY_VARIATION,FUZZY-GRP-91,262814,"Orpilla, JM G.",2018-09-16,Male,"Salvador Segundo","City of Candon",0,2026-07-28T05:35:43.699779+00:00,REVIEW (Name variation with same DOB)
FUZZY_VARIATION,FUZZY-GRP-92,80933,"Valdez, Princess Quennie",2012-12-15,Female,"San Pedro","City of Candon",0,2026-05-04T07:16:46.00885+00:00,REVIEW (Name variation with same DOB)
FUZZY_VARIATION,FUZZY-GRP-92,251032,"Valdez, Princess Quennie G.",2012-12-15,Female,"San Pedro","City of Candon",0,2026-07-20T01:41:12.933795+00:00,REVIEW (Name variation with same DOB)
FUZZY_VARIATION,FUZZY-GRP-93,80941,"Sipin, Ronald Sr. D.",1973-12-29,Male,"Bagani Camposanto","City of Candon",0,2026-05-04T07:21:24.681779+00:00,REVIEW (Name variation with same DOB)
FUZZY_VARIATION,FUZZY-GRP-93,103621,"Sipin, Ronald Jr. G.",1973-12-29,Male,"Bagani Camposanto","City of Candon",0,2026-05-13T03:00:43.256803+00:00,REVIEW (Name variation with same DOB)
FUZZY_VARIATION,FUZZY-GRP-94,85034,"Galla, Elisio F.",1949-02-08,Male,"Bagani Camposanto","City of Candon",0,2026-05-06T03:31:05.680014+00:00,REVIEW (Name variation with same DOB)
FUZZY_VARIATION,FUZZY-GRP-94,282055,"Galla, Eliseo F.",1949-02-08,Male,"Bagani Camposanto","City of Candon",0,2026-09-08T05:49:03.149878+00:00,REVIEW (Name variation with same DOB)
FUZZY_VARIATION,FUZZY-GRP-95,160225,"Orpilla, Aljur James G.",2025-05-05,Male,"Cubcubbuot","City of Candon",0,2026-06-01T02:06:41.870022+00:00,REVIEW (Name variation with same DOB)
FUZZY_VARIATION,FUZZY-GRP-95,252444,"Orpilla, Aljin James G.",2025-05-05,Male,"Cubcubbuot","City of Candon",0,2026-07-20T09:39:30.271522+00:00,REVIEW (Name variation with same DOB)
FUZZY_VARIATION,FUZZY-GRP-96,86015,"De Guzman, Dave R.",2021-02-11,Male,"Bagani Camposanto","City of Candon",0,2026-05-06T07:21:21.38669+00:00,REVIEW (Name variation with same DOB)
FUZZY_VARIATION,FUZZY-GRP-96,220707,"De Guzman, Dave",2021-02-11,Male,"Bagani Camposanto","City of Candon",0,2026-06-24T01:14:34.212907+00:00,REVIEW (Name variation with same DOB)
FUZZY_VARIATION,FUZZY-GRP-97,86250,"Daguman, Aiven R.",2025-01-17,Male,"Bagani Camposanto","City of Candon",0,2026-05-06T07:48:26.969536+00:00,REVIEW (Name variation with same DOB)
FUZZY_VARIATION,FUZZY-GRP-97,191390,"Dagunan, Aiven R.",2025-01-17,Male,"Bagani Camposanto","City of Candon",0,2026-06-09T05:12:25.381992+00:00,REVIEW (Name variation with same DOB)
FUZZY_VARIATION,FUZZY-GRP-98,93172,"Javier, Precy G.",1985-04-20,Female,"Salvador Primero","City of Candon",0,2026-05-08T13:15:15.900254+00:00,REVIEW (Name variation with same DOB)
FUZZY_VARIATION,FUZZY-GRP-98,302898,"Javier, Percy G.",1985-04-20,Male,"Salvador Primero","City of Candon",0,2026-09-26T02:52:05.950405+00:00,REVIEW (Name variation with same DOB)
FUZZY_VARIATION,FUZZY-GRP-99,93174,"Garnace, Myra B.",1999-04-01,Female,"Salvador Primero","City of Candon",0,2026-05-08T13:20:07.656664+00:00,REVIEW (Name variation with same DOB)
FUZZY_VARIATION,FUZZY-GRP-99,302891,"Garnace, Myr B.",1999-04-01,Female,"Salvador Primero","City of Candon",0,2026-09-26T02:52:05.950405+00:00,REVIEW (Name variation with same DOB)
FUZZY_VARIATION,FUZZY-GRP-100,93175,"Cabacungan, Sharmaine M.",1993-11-04,Female,"Salvador Primero","City of Candon",0,2026-05-08T13:22:04.187387+00:00,REVIEW (Name variation with same DOB)
FUZZY_VARIATION,FUZZY-GRP-100,140123,"Cabacungan, Sharmaine",1993-11-04,Female,"Salvador Primero","City of Candon",0,2026-05-25T05:37:40.963202+00:00,REVIEW (Name variation with same DOB)
FUZZY_VARIATION,FUZZY-GRP-101,99863,"Balverde, Calle Sarina G.",2025-01-07,Female,"Ayudante","City of Candon",0,2026-05-11T02:19:34.667988+00:00,REVIEW (Name variation with same DOB)
FUZZY_VARIATION,FUZZY-GRP-101,270748,"Balverde, Callee Sarina G.",2025-01-07,Female,"Ayudante","City of Candon",0,2026-08-04T06:28:41.304519+00:00,REVIEW (Name variation with same DOB)
FUZZY_VARIATION,FUZZY-GRP-102,100072,"Pascua, Prescila T.",1952-02-26,Female,"Bagani Tocgo","City of Candon",0,2026-05-11T03:50:50.670595+00:00,REVIEW (Name variation with same DOB)
FUZZY_VARIATION,FUZZY-GRP-102,140062,"Pascua, Precilla T.",1952-02-26,Female,"Bagani Tocgo","City of Candon",0,2026-05-25T05:32:40.692589+00:00,REVIEW (Name variation with same DOB)
FUZZY_VARIATION,FUZZY-GRP-103,144127,"Bayle, Kristal Ciara D.",2009-02-06,Female,"Paypayad","City of Candon",0,2026-05-26T02:30:03.366038+00:00,REVIEW (Name variation with same DOB)
FUZZY_VARIATION,FUZZY-GRP-103,206020,"Baily, Kristal Ciara D.",2009-02-06,Female,"Paypayad","City of Candon",0,2026-06-17T06:47:05.526631+00:00,REVIEW (Name variation with same DOB)
FUZZY_VARIATION,FUZZY-GRP-104,100115,"Gapatan, Graciano G.",1956-06-27,Male,"Bagani Tocgo","City of Candon",0,2026-05-11T04:10:54.976395+00:00,REVIEW (Name variation with same DOB)
FUZZY_VARIATION,FUZZY-GRP-104,271213,"Gapatan, Graciano",1956-06-27,Male,"Bagani Tocgo","City of Candon",0,2026-08-05T01:37:32.064424+00:00,REVIEW (Name variation with same DOB)
FUZZY_VARIATION,FUZZY-GRP-105,100121,"Tnglib, Maribel M.",1979-05-18,Female,"Bagani Tocgo","City of Candon",0,2026-05-11T04:22:18.681045+00:00,REVIEW (Name variation with same DOB)
FUZZY_VARIATION,FUZZY-GRP-105,168188,"Tanglib, Maribel M.",1979-05-18,Female,"Bagani Tocgo","City of Candon",0,2026-06-03T04:12:07.96454+00:00,REVIEW (Name variation with same DOB)
FUZZY_VARIATION,FUZZY-GRP-106,100733,"Tajeda, Anita C.",1967-05-13,Female,"Salvador Primero","City of Candon",0,2026-05-11T06:59:41.272932+00:00,REVIEW (Name variation with same DOB)
FUZZY_VARIATION,FUZZY-GRP-106,100738,"Tadeja, Anita C.",1967-05-13,Female,"Salvador Primero","City of Candon",0,2026-05-11T07:02:47.748645+00:00,REVIEW (Name variation with same DOB)
FUZZY_VARIATION,FUZZY-GRP-107,100844,"Gajor, Diosdado T.",1973-08-29,Male,"Bagani Ubbog","City of Candon",0,2026-05-11T07:31:48.136069+00:00,REVIEW (Name variation with same DOB)
FUZZY_VARIATION,FUZZY-GRP-107,100940,"Sajor, Diosdado T.",1973-08-29,Male,"Bagani Ubbog","City of Candon",0,2026-05-11T07:45:36.584282+00:00,REVIEW (Name variation with same DOB)
FUZZY_VARIATION,FUZZY-GRP-108,103631,"Brioso, Ghianna Marie B.",2022-10-25,Female,"Bagani Camposanto","City of Candon",0,2026-05-13T03:00:43.256803+00:00,REVIEW (Name variation with same DOB)
FUZZY_VARIATION,FUZZY-GRP-108,103632,"Brioso, Gheonna Marie B.",2022-10-25,Female,"Bagani Camposanto","City of Candon",0,2026-05-13T03:00:43.256803+00:00,REVIEW (Name variation with same DOB)
FUZZY_VARIATION,FUZZY-GRP-109,103692,"Galla, Hilary Mishe A.",2007-08-23,Female,"Bagani Camposanto","City of Candon",0,2026-05-13T03:00:43.256803+00:00,REVIEW (Name variation with same DOB)
FUZZY_VARIATION,FUZZY-GRP-109,146284,"Galla, Hillary Miche A.",2007-08-23,Female,"Cubcubbuot","City of Candon",0,2026-05-26T08:04:47.171125+00:00,REVIEW (Name variation with same DOB)
FUZZY_VARIATION,FUZZY-GRP-110,103873,"Reboltan, John Renj Renier V.",2004-08-04,Male,"Cubcubbuot","City of Candon",0,2026-05-13T03:52:47.116004+00:00,REVIEW (Name variation with same DOB)
FUZZY_VARIATION,FUZZY-GRP-110,103874,"Reboltan, John Renj Jenier V.",2004-08-04,Male,"Cubcubbuot","City of Candon",0,2026-05-13T03:52:47.116004+00:00,REVIEW (Name variation with same DOB)
FUZZY_VARIATION,FUZZY-GRP-111,104323,"Cortez, Lester V.",1996-10-21,Male,"Allangigan Primero","City of Candon",0,2026-05-13T06:00:47.890319+00:00,REVIEW (Name variation with same DOB)
FUZZY_VARIATION,FUZZY-GRP-111,104325,"Cortez, Dexter V.",1996-10-21,Male,"Allangigan Primero","City of Candon",0,2026-05-13T06:00:47.890319+00:00,REVIEW (Name variation with same DOB)
FUZZY_VARIATION,FUZZY-GRP-112,104326,"Cortez, Daizy S.",2001-12-10,Female,"Allangigan Primero","City of Candon",0,2026-05-13T06:00:47.890319+00:00,REVIEW (Name variation with same DOB)
FUZZY_VARIATION,FUZZY-GRP-112,241888,"Cortez, Daisy S.",2001-12-10,Female,"San Andres","City of Candon",0,2026-07-08T07:16:33.858678+00:00,REVIEW (Name variation with same DOB)
FUZZY_VARIATION,FUZZY-GRP-113,104395,"Martinez, Justine Kliene B.",2008-05-05,Male,"Bagani Camposanto","City of Candon",0,2026-05-13T06:07:52.235978+00:00,REVIEW (Name variation with same DOB)
FUZZY_VARIATION,FUZZY-GRP-113,123929,"Martinez, Justine Klien B.",2008-05-05,Male,"Bagani Ubbog","City of Candon",0,2026-05-21T08:06:38.761656+00:00,REVIEW (Name variation with same DOB)
FUZZY_VARIATION,FUZZY-GRP-114,104441,"Ramos, Reiven G.",2023-09-08,Male,"Bagani Camposanto","City of Candon",0,2026-05-13T06:07:52.235978+00:00,REVIEW (Name variation with same DOB)
FUZZY_VARIATION,FUZZY-GRP-114,278206,"Ramos, Raiven G.",2023-09-08,Male,"Bagani Camposanto","City of Candon",0,2026-09-01T11:32:59.642785+00:00,REVIEW (Name variation with same DOB)
FUZZY_VARIATION,FUZZY-GRP-115,295138,"Imbat, Mary Zuri P.",2023-09-08,Female,"Bugnay","City of Candon",0,2026-09-21T07:41:46.626301+00:00,REVIEW (Name variation with same DOB)
FUZZY_VARIATION,FUZZY-GRP-115,295686,"Imbat, Mary Zuri",2023-09-08,Female,"Palacapac","City of Candon",0,2026-09-22T02:38:38.45011+00:00,REVIEW (Name variation with same DOB)
FUZZY_VARIATION,FUZZY-GRP-116,104475,"Galima, Liam Sire G.",2022-11-07,Male,"Bagani Camposanto","City of Candon",0,2026-05-13T06:07:52.235978+00:00,REVIEW (Name variation with same DOB)
FUZZY_VARIATION,FUZZY-GRP-116,171570,"Galima, Liam Sue G.",2022-11-07,Male,"Bagani Ubbog","City of Candon",0,2026-06-04T03:19:50.322519+00:00,REVIEW (Name variation with same DOB)
FUZZY_VARIATION,FUZZY-GRP-117,104592,"Pader, Teodolo S.",1950-02-17,Male,"Cubcubbuot","City of Candon",0,2026-05-13T06:09:45.21443+00:00,REVIEW (Name variation with same DOB)
FUZZY_VARIATION,FUZZY-GRP-117,303709,"Pader, Teodolfo S.",1950-02-17,Male,"Cubcubbuot","City of Candon",0,2026-09-26T05:47:15.770392+00:00,REVIEW (Name variation with same DOB)
FUZZY_VARIATION,FUZZY-GRP-118,116960,"Gaboy, Cristine A.",1968-03-09,Female,"San Pedro","City of Candon",0,2026-05-19T06:03:18.457491+00:00,REVIEW (Name variation with same DOB)
FUZZY_VARIATION,FUZZY-GRP-118,291030,"Gaboy, Cristine",1968-03-09,Female,"San Pedro","City of Candon",0,2026-09-16T02:23:19.913895+00:00,REVIEW (Name variation with same DOB)
FUZZY_VARIATION,FUZZY-GRP-119,107652,"Gacoscos, Jaymark V.",2024-05-08,Male,"Ayudante","City of Candon",0,2026-05-14T07:58:23.68156+00:00,REVIEW (Name variation with same DOB)
FUZZY_VARIATION,FUZZY-GRP-119,297962,"Gacoscos, Jaymark T.",2024-05-08,Male,"Ayudante","City of Candon",0,2026-09-23T02:44:10.25247+00:00,REVIEW (Name variation with same DOB)
FUZZY_VARIATION,FUZZY-GRP-120,206795,"Artates, Mark Christian B.",2024-05-08,Male,"San Andres","City of Candon",0,2026-06-18T02:15:12.653449+00:00,REVIEW (Name variation with same DOB)
FUZZY_VARIATION,FUZZY-GRP-120,282175,"Artates, Mark Christian G.",2024-05-08,Male,"San Andres","City of Candon",0,2026-09-08T06:38:04.764487+00:00,REVIEW (Name variation with same DOB)
FUZZY_VARIATION,FUZZY-GRP-121,107878,"Teofilo, Krishelle Ann U.",2001-04-19,Female,"Santo Tomas","City of Candon",0,2026-05-14T08:08:23.403605+00:00,REVIEW (Name variation with same DOB)
FUZZY_VARIATION,FUZZY-GRP-121,107879,"Teofilo, Kristelle Ann U.",2001-04-19,Female,"Santo Tomas","City of Candon",0,2026-05-14T08:08:23.403605+00:00,REVIEW (Name variation with same DOB)
FUZZY_VARIATION,FUZZY-GRP-122,113041,"Del Rosario, Jennifer S.",1983-11-13,Female,"San Pedro","City of Candon",0,2026-05-18T02:50:53.505181+00:00,REVIEW (Name variation with same DOB)
FUZZY_VARIATION,FUZZY-GRP-122,172480,"Del Rosario, Jeniffer S.",1983-11-13,Female,"San Pedro","City of Candon",0,2026-06-04T06:45:54.853702+00:00,REVIEW (Name variation with same DOB)
FUZZY_VARIATION,FUZZY-GRP-123,125476,"Pasic, Lei-Jaey-Ann N.",1991-04-04,Female,"Bugnay","City of Candon",0,2026-05-21T13:18:12.616484+00:00,REVIEW (Name variation with same DOB)
FUZZY_VARIATION,FUZZY-GRP-123,261572,"Pasic, Lei-Jaey-Anne N.",1991-04-04,Female,"Bugnay","City of Candon",0,2026-07-27T06:46:05.49675+00:00,REVIEW (Name variation with same DOB)
FUZZY_VARIATION,FUZZY-GRP-124,114449,"Castillo, Antonio D.",1984-11-13,Male,"San Pedro","City of Candon",0,2026-05-18T06:51:43.150312+00:00,REVIEW (Name variation with same DOB)
FUZZY_VARIATION,FUZZY-GRP-124,250985,"CAstillo, Anthonio D.",1984-11-13,Male,"San Pedro","City of Candon",0,2026-07-20T01:41:12.933795+00:00,REVIEW (Name variation with same DOB)
FUZZY_VARIATION,FUZZY-GRP-125,114583,"Catabay, Aileen Jane",2001-04-30,Female,"Ayudante","City of Candon",0,2026-05-18T07:00:24.474037+00:00,REVIEW (Name variation with same DOB)
FUZZY_VARIATION,FUZZY-GRP-125,270728,"Catabay, Aileen Jane T.",2001-04-30,Female,"Ayudante","City of Candon",0,2026-08-04T06:28:08.27616+00:00,REVIEW (Name variation with same DOB)
FUZZY_VARIATION,FUZZY-GRP-126,114584,"Barcena, Jane C.",2023-03-03,Female,"Ayudante","City of Candon",0,2026-05-18T07:00:24.474037+00:00,REVIEW (Name variation with same DOB)
FUZZY_VARIATION,FUZZY-GRP-126,278233,"Barcena, Jane ",2023-03-03,Male,"Ayudante","City of Candon",0,2026-09-02T01:49:15.388317+00:00,REVIEW (Name variation with same DOB)
FUZZY_VARIATION,FUZZY-GRP-127,114615,"Quilondrino, Saviour M.",2011-02-21,Male,"Ayudante","City of Candon",0,2026-05-18T07:00:24.474037+00:00,REVIEW (Name variation with same DOB)
FUZZY_VARIATION,FUZZY-GRP-127,156716,"Quilondrino, Savior M.",2011-02-21,Male,"San Andres","City of Candon",0,2026-05-30T08:32:38.280687+00:00,REVIEW (Name variation with same DOB)
FUZZY_VARIATION,FUZZY-GRP-128,125425,"Mones, Allysa Joy D.",1995-01-01,Female,"Bugnay","City of Candon",0,2026-05-21T13:18:12.616484+00:00,REVIEW (Name variation with same DOB)
FUZZY_VARIATION,FUZZY-GRP-128,261548,"Mones,Alyssa Joy D.",1995-01-01,Female,"Bugnay","City of Candon",0,2026-07-27T06:46:05.49675+00:00,REVIEW (Name variation with same DOB)
FUZZY_VARIATION,FUZZY-GRP-129,116791,"Orpilla, Johannes Mae C.",2014-11-24,Female,"Salvador Segundo","City of Candon",0,2026-05-19T06:02:04.868888+00:00,REVIEW (Name variation with same DOB)
FUZZY_VARIATION,FUZZY-GRP-129,262813,"Orpilla, Johannes Marc C.",2014-11-24,Male,"Salvador Segundo","City of Candon",0,2026-07-28T05:35:43.699779+00:00,REVIEW (Name variation with same DOB)
FUZZY_VARIATION,FUZZY-GRP-130,115047,"Soliven, Jamina D.",2004-01-10,Female,"Paypayad","City of Candon",0,2026-05-18T07:30:49.652899+00:00,REVIEW (Name variation with same DOB)
FUZZY_VARIATION,FUZZY-GRP-130,115048,"Soliven, Jamine D.",2004-01-10,Female,"Paypayad","City of Candon",0,2026-05-18T07:30:49.652899+00:00,REVIEW (Name variation with same DOB)
FUZZY_VARIATION,FUZZY-GRP-131,115086,"Cordova, Maria G.",1996-09-18,Female,"Paypayad","City of Candon",0,2026-05-18T07:30:49.652899+00:00,REVIEW (Name variation with same DOB)
FUZZY_VARIATION,FUZZY-GRP-131,270659,"Cordova, Mara G.",1996-09-18,Female,"Ayudante","City of Candon",0,2026-08-04T06:28:08.27616+00:00,REVIEW (Name variation with same DOB)
FUZZY_VARIATION,FUZZY-GRP-132,116087,"Gallero, Matt Donnie M.",2009-01-24,Male,"Santo Tomas","City of Candon",0,2026-05-19T03:48:36.461943+00:00,REVIEW (Name variation with same DOB)
FUZZY_VARIATION,FUZZY-GRP-132,116088,"Gallero, Matt Dionnie M.",2009-01-24,Male,"Santo Tomas","City of Candon",0,2026-05-19T03:48:36.461943+00:00,REVIEW (Name variation with same DOB)
FUZZY_VARIATION,FUZZY-GRP-133,116766,"Orppilla, Leah E.",1998-07-27,Female,"Salvador Segundo","City of Candon",0,2026-05-19T06:02:04.868888+00:00,REVIEW (Name variation with same DOB)
FUZZY_VARIATION,FUZZY-GRP-133,262800,"Orpilla, Leah E.",1998-07-27,Female,"Salvador Segundo","City of Candon",0,2026-07-28T05:35:43.699779+00:00,REVIEW (Name variation with same DOB)
FUZZY_VARIATION,FUZZY-GRP-134,116782,"Soriano, Richmund B.",2017-02-04,Male,"Salvador Segundo","City of Candon",0,2026-05-19T06:02:04.868888+00:00,REVIEW (Name variation with same DOB)
FUZZY_VARIATION,FUZZY-GRP-134,262808,"Soriano, Richnund B.",2017-02-04,Male,"Salvador Segundo","City of Candon",0,2026-07-28T05:35:43.699779+00:00,REVIEW (Name variation with same DOB)
FUZZY_VARIATION,FUZZY-GRP-135,116805,"Ganado, Antonio Jr. H.",1992-01-14,Male,"Salvador Segundo","City of Candon",0,2026-05-19T06:02:04.868888+00:00,REVIEW (Name variation with same DOB)
FUZZY_VARIATION,FUZZY-GRP-135,262817,"Ganado, Antonio Sr. H.",1992-01-14,Male,"Salvador Segundo","City of Candon",0,2026-07-28T05:35:43.699779+00:00,REVIEW (Name variation with same DOB)
FUZZY_VARIATION,FUZZY-GRP-136,116844,"Ganado, Emilia M.",1956-01-07,Female,"Salvador Segundo","City of Candon",0,2026-05-19T06:02:04.868888+00:00,REVIEW (Name variation with same DOB)
FUZZY_VARIATION,FUZZY-GRP-136,116900,"Ganado, Emelia M.",1956-01-07,Female,"Salvador Segundo","City of Candon",0,2026-05-19T06:02:04.868888+00:00,REVIEW (Name variation with same DOB)
FUZZY_VARIATION,FUZZY-GRP-137,116917,"Garnace, Glenford O.",1977-01-01,Male,"Salvador Segundo","City of Candon",0,2026-05-19T06:02:04.868888+00:00,REVIEW (Name variation with same DOB)
FUZZY_VARIATION,FUZZY-GRP-137,232498,"Garnace, Glennford O.",1977-01-01,Male,"Salvador Segundo","City of Candon",0,2026-06-27T11:52:11.637766+00:00,REVIEW (Name variation with same DOB)
FUZZY_VARIATION,FUZZY-GRP-138,238627,"Payopay, Keyza G",2010-10-10,Female,"Palacapac","City of Candon",0,2026-06-30T06:01:55.949637+00:00,REVIEW (Name variation with same DOB)
FUZZY_VARIATION,FUZZY-GRP-138,238628,"Payopay, Keyla G.",2010-10-10,Female,"Palacapac","City of Candon",0,2026-06-30T06:01:55.949637+00:00,REVIEW (Name variation with same DOB)
FUZZY_VARIATION,FUZZY-GRP-139,117217,"Sabado, Jessie G.",1975-04-01,Male,"Allangigan Segundo","City of Candon",0,2026-05-19T06:41:26.796018+00:00,REVIEW (Name variation with same DOB)
FUZZY_VARIATION,FUZZY-GRP-139,320776,"Sabado, Jersie G.",1975-04-01,Male,"Allangigan Segundo","City of Candon",0,2026-09-29T07:14:34.067818+00:00,REVIEW (Name variation with same DOB)
FUZZY_VARIATION,FUZZY-GRP-140,117237,"Galuz, Cecilia B.",1957-09-18,Female,"Bagani Tocgo","City of Candon",0,2026-05-19T06:44:57.53572+00:00,REVIEW (Name variation with same DOB)
FUZZY_VARIATION,FUZZY-GRP-140,271275,"Galus, Cecilia B.",1957-09-18,Female,"Bagani Tocgo","City of Candon",0,2026-08-05T01:37:32.064424+00:00,REVIEW (Name variation with same DOB)
FUZZY_VARIATION,FUZZY-GRP-141,117627,"Rahon, Myreck Izy M.",2016-12-22,Female,"Santo Tomas","City of Candon",0,2026-05-19T07:19:16.706803+00:00,REVIEW (Name variation with same DOB)
FUZZY_VARIATION,FUZZY-GRP-141,117628,"Rahon, Myreck Ely M.",2016-12-22,Female,"Santo Tomas","City of Candon",0,2026-05-19T07:19:16.706803+00:00,REVIEW (Name variation with same DOB)
FUZZY_VARIATION,FUZZY-GRP-142,117969,"Ancheta, Raivyl Avery E.",2021-12-08,Female,"Amguid","City of Candon",0,2026-05-19T13:46:10.659746+00:00,REVIEW (Name variation with same DOB)
FUZZY_VARIATION,FUZZY-GRP-142,238686,"Ancheta, Raivel Avery E.",2021-12-08,Female,"Amguid","City of Candon",0,2026-06-30T06:28:02.969627+00:00,REVIEW (Name variation with same DOB)
FUZZY_VARIATION,FUZZY-GRP-143,262156,"Garayan, Kimberly A.",1995-11-13,Female,"San Pedro","City of Candon",0,2026-07-27T08:12:53.174563+00:00,REVIEW (Name variation with same DOB)
FUZZY_VARIATION,FUZZY-GRP-143,290988,"Garayan, Kimberly D.",1995-11-13,Female,"San Pedro","City of Candon",0,2026-09-16T02:23:19.913895+00:00,REVIEW (Name variation with same DOB)
FUZZY_VARIATION,FUZZY-GRP-144,146264,"Foronda, Ric G.",1991-09-06,Male,"Cubcubbuot","City of Candon",0,2026-05-26T08:04:47.171125+00:00,REVIEW (Name variation with same DOB)
FUZZY_VARIATION,FUZZY-GRP-144,164115,"Foronda, Rick G.",1991-09-06,Male,"Palacapac","City of Candon",0,2026-06-02T07:08:10.145405+00:00,REVIEW (Name variation with same DOB)
FUZZY_VARIATION,FUZZY-GRP-145,120588,"Bacolong, Ricklaz C.",1997-07-30,Male,"Palacapac","City of Candon",0,2026-05-20T07:43:06.936523+00:00,REVIEW (Name variation with same DOB)
FUZZY_VARIATION,FUZZY-GRP-145,243023,"Baculong, Ricklaz C.",1997-07-30,Male,"San Andres","City of Candon",0,2026-07-09T06:53:35.936082+00:00,REVIEW (Name variation with same DOB)
FUZZY_VARIATION,FUZZY-GRP-146,120623,"Ragudo, Jhaz C.",2015-04-04,Male,"Palacapac","City of Candon",0,2026-05-20T07:43:06.936523+00:00,REVIEW (Name variation with same DOB)
FUZZY_VARIATION,FUZZY-GRP-146,120624,"Ragudo, Jhay C.",2015-04-04,Male,"Palacapac","City of Candon",0,2026-05-20T07:43:06.936523+00:00,REVIEW (Name variation with same DOB)
FUZZY_VARIATION,FUZZY-GRP-147,277820,"Parallago, Fael Gabrielle B.",2023-10-02,Male,"Bagani Ubbog","City of Candon",0,2026-08-30T04:27:46.121113+00:00,REVIEW (Name variation with same DOB)
FUZZY_VARIATION,FUZZY-GRP-147,297815,"Parallag, Fael Gabrielle B.",2023-10-02,Female,"Bagani Ubbog","City of Candon",0,2026-09-23T01:53:14.175774+00:00,REVIEW (Name variation with same DOB)
FUZZY_VARIATION,FUZZY-GRP-148,120633,"Drapete, Leah Antonette P.",2024-03-26,Female,"Palacapac","City of Candon",0,2026-05-20T07:43:06.936523+00:00,REVIEW (Name variation with same DOB)
FUZZY_VARIATION,FUZZY-GRP-148,230283,"Drapete, Leah Anthonette P.",2024-03-26,Female,"Allangigan Primero","City of Candon",0,2026-06-27T00:10:53.692587+00:00,REVIEW (Name variation with same DOB)
FUZZY_VARIATION,FUZZY-GRP-149,140945,"Ganat, Patrick C.",2011-10-15,Male,"Paypayad","City of Candon",0,2026-05-25T07:05:29.733513+00:00,REVIEW (Name variation with same DOB)
FUZZY_VARIATION,FUZZY-GRP-149,140946,"Ganat, Patricia C.",2011-10-15,Female,"Paypayad","City of Candon",0,2026-05-25T07:05:29.733513+00:00,REVIEW (Name variation with same DOB)
FUZZY_VARIATION,FUZZY-GRP-150,120810,"Pasigian, Albert O.",1974-11-23,Male,"Bugnay","City of Candon",0,2026-05-20T08:06:52.445179+00:00,REVIEW (Name variation with same DOB)
FUZZY_VARIATION,FUZZY-GRP-150,263998,"Pasigan, Albert O.",1974-11-23,Male,"Bugnay","City of Candon",0,2026-07-29T03:38:12.946524+00:00,REVIEW (Name variation with same DOB)
FUZZY_VARIATION,FUZZY-GRP-151,120944,"Galleso, Lucy G.",1964-05-14,Female,"Allangigan Segundo","City of Candon",0,2026-05-20T08:23:01.933119+00:00,REVIEW (Name variation with same DOB)
FUZZY_VARIATION,FUZZY-GRP-151,320742,"Gallero, Lucy G.",1964-05-14,Female,"Allangigan Segundo","City of Candon",0,2026-09-29T07:14:34.067818+00:00,REVIEW (Name variation with same DOB)
FUZZY_VARIATION,FUZZY-GRP-152,145735,"Manzano, Sheera Maine V.",1990-09-24,Female,"Paypayad","City of Candon",0,2026-05-26T07:53:10.366351+00:00,REVIEW (Name variation with same DOB)
FUZZY_VARIATION,FUZZY-GRP-152,145736,"Manzano, Sheera Laine V.",1990-09-24,Female,"Paypayad","City of Candon",0,2026-05-26T07:53:10.366351+00:00,REVIEW (Name variation with same DOB)
FUZZY_VARIATION,FUZZY-GRP-153,120960,"Fordelon, Benedicto G.",1970-09-05,Male,"Allangigan Segundo","City of Candon",0,2026-05-20T08:23:01.933119+00:00,REVIEW (Name variation with same DOB)
FUZZY_VARIATION,FUZZY-GRP-153,320771,"Fordelon, Benedicto A.",1970-09-05,Male,"Allangigan Segundo","City of Candon",0,2026-09-29T07:14:34.067818+00:00,REVIEW (Name variation with same DOB)
FUZZY_VARIATION,FUZZY-GRP-154,123283,"Molina, Princess Cleofe B.",1992-05-07,Female,"Bagani Camposanto","City of Candon",0,2026-05-21T07:57:07.842743+00:00,REVIEW (Name variation with same DOB)
FUZZY_VARIATION,FUZZY-GRP-154,149998,"Molina, Princes Cleofe B.",1992-05-07,Female,"Allangigan Primero","City of Candon",0,2026-05-28T07:34:32.096739+00:00,REVIEW (Name variation with same DOB)
FUZZY_VARIATION,FUZZY-GRP-155,125443,"Pasic, Lailie Joy S.",2003-12-15,Female,"Bugnay","City of Candon",0,2026-05-21T13:18:12.616484+00:00,REVIEW (Name variation with same DOB)
FUZZY_VARIATION,FUZZY-GRP-155,261558,"Pasic, Lailei Joy S.",2003-12-15,Female,"Bugnay","City of Candon",0,2026-07-27T06:46:05.49675+00:00,REVIEW (Name variation with same DOB)
FUZZY_VARIATION,FUZZY-GRP-156,125447,"Nanagad, Phoenix Edriel P.",2021-09-09,Male,"Bugnay","City of Candon",0,2026-05-21T13:18:12.616484+00:00,REVIEW (Name variation with same DOB)
FUZZY_VARIATION,FUZZY-GRP-156,261560,"Nanagad, Phoenix Adriel P.",2021-09-09,Male,"Bugnay","City of Candon",0,2026-07-27T06:46:05.49675+00:00,REVIEW (Name variation with same DOB)
FUZZY_VARIATION,FUZZY-GRP-157,125448,"Nanagad, Emberlislie Grace P.",2023-02-03,Female,"Bugnay","City of Candon",0,2026-05-21T13:18:12.616484+00:00,REVIEW (Name variation with same DOB)
FUZZY_VARIATION,FUZZY-GRP-157,261561,"Nanagad, Emberlisle Grace P",2023-02-03,Female,"Bugnay","City of Candon",0,2026-07-27T06:46:05.49675+00:00,REVIEW (Name variation with same DOB)
FUZZY_VARIATION,FUZZY-GRP-158,125463,"Gallebo, Mytchjean Xiv T.",2013-08-10,Male,"Bugnay","City of Candon",0,2026-05-21T13:18:12.616484+00:00,REVIEW (Name variation with same DOB)
FUZZY_VARIATION,FUZZY-GRP-158,261566,"Gallebo, Mycthjean Xiv T.",2013-08-10,Male,"Bugnay","City of Candon",0,2026-07-27T06:46:05.49675+00:00,REVIEW (Name variation with same DOB)
FUZZY_VARIATION,FUZZY-GRP-159,125464,"Gallebo, Xyl Zachi Ycrin T.",2021-07-01,Male,"Bugnay","City of Candon",0,2026-05-21T13:18:12.616484+00:00,REVIEW (Name variation with same DOB)
FUZZY_VARIATION,FUZZY-GRP-159,261567,"Gallebo, Xyl Zachi Ycrin",2021-07-01,Female,"Bugnay","City of Candon",0,2026-07-27T06:46:05.49675+00:00,REVIEW (Name variation with same DOB)
FUZZY_VARIATION,FUZZY-GRP-160,125472,"Aquino, Henson Jeff B.",2000-11-29,Male,"Bugnay","City of Candon",0,2026-05-21T13:18:12.616484+00:00,REVIEW (Name variation with same DOB)
FUZZY_VARIATION,FUZZY-GRP-160,261569,"Aquino, Jenson Jeff B.",2000-11-29,Male,"Bugnay","City of Candon",0,2026-07-27T06:46:05.49675+00:00,REVIEW (Name variation with same DOB)
FUZZY_VARIATION,FUZZY-GRP-161,125477,"Estayo, Sofia Allison P.",1994-05-10,Female,"Bugnay","City of Candon",0,2026-05-21T13:18:12.616484+00:00,REVIEW (Name variation with same DOB)
FUZZY_VARIATION,FUZZY-GRP-161,261573,"Estayo, Sofia Allison",1994-05-10,Female,"Bugnay","City of Candon",0,2026-07-27T06:46:05.49675+00:00,REVIEW (Name variation with same DOB)
FUZZY_VARIATION,FUZZY-GRP-162,128749,"Galinato, Zaira Faith A.",2023-03-14,Female,"Amguid","City of Candon",0,2026-05-22T07:45:04.792131+00:00,REVIEW (Name variation with same DOB)
FUZZY_VARIATION,FUZZY-GRP-162,278335,"Galinato, Ziara Faith A.",2023-03-14,Male,"Amguid","City of Candon",0,2026-09-02T03:47:14.178374+00:00,REVIEW (Name variation with same DOB)
FUZZY_VARIATION,FUZZY-GRP-163,278263,"Soria,  Elenie Rose C.",2025-08-07,Male,"Ayudante","City of Candon",0,2026-09-02T02:28:48.685071+00:00,REVIEW (Name variation with same DOB)
FUZZY_VARIATION,FUZZY-GRP-163,297942,"Soriano, Elenie Rose C.",2025-08-07,Male,"Ayudante","City of Candon",0,2026-09-23T02:24:07.952389+00:00,REVIEW (Name variation with same DOB)
FUZZY_VARIATION,FUZZY-GRP-164,297866,"Soriiano, Elenie Rose C.",2025-08-07,Female,"Ayudante","City of Candon",0,2026-09-23T02:15:11.576837+00:00,REVIEW (Name variation with same DOB)
FUZZY_VARIATION,FUZZY-GRP-164,297942,"Soriano, Elenie Rose C.",2025-08-07,Male,"Ayudante","City of Candon",0,2026-09-23T02:24:07.952389+00:00,REVIEW (Name variation with same DOB)
FUZZY_VARIATION,FUZZY-GRP-165,221650,"Alcantara, Philip I V.",1985-07-24,Male,"Allangigan Segundo","City of Candon",0,2026-06-24T05:44:02.140378+00:00,REVIEW (Name variation with same DOB)
FUZZY_VARIATION,FUZZY-GRP-165,221655,"Alcantara, Philip II V.",1985-07-24,Male,"Allangigan Segundo","City of Candon",0,2026-06-24T05:44:02.140378+00:00,REVIEW (Name variation with same DOB)
FUZZY_VARIATION,FUZZY-GRP-166,140005,"Camiyeng, Francis Jay M.",2009-11-21,Male,"Bagani Tocgo","City of Candon",0,2026-05-25T05:32:40.692589+00:00,REVIEW (Name variation with same DOB)
FUZZY_VARIATION,FUZZY-GRP-166,141055,"Camiyeng, Francis Jay",2009-11-21,Male,"Paypayad","City of Candon",0,2026-05-25T07:12:02.641392+00:00,REVIEW (Name variation with same DOB)
FUZZY_VARIATION,FUZZY-GRP-167,141056,"Camagay, Rocky James",1990-11-03,Male,"Paypayad","City of Candon",0,2026-05-25T07:12:02.641392+00:00,REVIEW (Name variation with same DOB)
FUZZY_VARIATION,FUZZY-GRP-167,168271,"Camagay, Rocky James V.",1990-11-03,Male,"Bagani Tocgo","City of Candon",0,2026-06-03T04:12:07.96454+00:00,REVIEW (Name variation with same DOB)
FUZZY_VARIATION,FUZZY-GRP-168,141544,"Del Rosario,Seth Noah V.",2015-01-27,Male,"Allangigan Primero","City of Candon",0,2026-05-25T07:41:56.024251+00:00,REVIEW (Name variation with same DOB)
FUZZY_VARIATION,FUZZY-GRP-168,230487,"Del Rosario, Seth Noah G.",2015-01-27,Male,"Amguid","City of Candon",0,2026-06-27T02:22:26.161199+00:00,REVIEW (Name variation with same DOB)
FUZZY_VARIATION,FUZZY-GRP-169,262745,"Bumacas, Cassmere Jade G.",2009-10-01,Female,"Salvador Primero","City of Candon",0,2026-07-28T05:14:48.173364+00:00,REVIEW (Name variation with same DOB)
FUZZY_VARIATION,FUZZY-GRP-169,283111,"Bumacas, Casmere Jade G.",2009-10-01,Female,"Bagani Camposanto","City of Candon",0,2026-09-09T06:37:15.26537+00:00,REVIEW (Name variation with same DOB)
FUZZY_VARIATION,FUZZY-GRP-170,144654,"Custodio, Mercedes",1951-12-03,Female,"Salvador Segundo","City of Candon",0,2026-05-26T06:08:40.318462+00:00,REVIEW (Name variation with same DOB)
FUZZY_VARIATION,FUZZY-GRP-170,262123,"Custodio, Mercedes G.",1951-12-03,Female,"Salvador Segundo","City of Candon",0,2026-07-27T08:08:16.071523+00:00,REVIEW (Name variation with same DOB)
FUZZY_VARIATION,FUZZY-GRP-171,144822,"Alcantara, Luis Anthony N.",2023-02-07,Male,"Bagar","City of Candon",0,2026-05-26T06:12:38.441297+00:00,REVIEW (Name variation with same DOB)
FUZZY_VARIATION,FUZZY-GRP-171,277455,"Alcantara, Luis Anthony G.",2023-02-07,Male,"Bagani Ubbog","City of Candon",0,2026-08-27T03:03:21.640162+00:00,REVIEW (Name variation with same DOB)
FUZZY_VARIATION,FUZZY-GRP-172,145740,"Alviento, Juvelyn G.",2001-09-20,Female,"Paypayad","City of Candon",0,2026-05-26T07:53:10.366351+00:00,REVIEW (Name variation with same DOB)
FUZZY_VARIATION,FUZZY-GRP-172,302895,"Alviento, Jovelyn T.",2001-09-20,Female,"Salvador Primero","City of Candon",0,2026-09-26T02:52:05.950405+00:00,REVIEW (Name variation with same DOB)
FUZZY_VARIATION,FUZZY-GRP-173,145741,"Alviento, Isabela Zoe G.",2024-05-02,Female,"Paypayad","City of Candon",0,2026-05-26T07:53:10.366351+00:00,REVIEW (Name variation with same DOB)
FUZZY_VARIATION,FUZZY-GRP-173,302896,"Alviento, Ysabela Zoey G.",2024-05-02,Female,"Salvador Primero","City of Candon",0,2026-09-26T02:52:05.950405+00:00,REVIEW (Name variation with same DOB)
FUZZY_VARIATION,FUZZY-GRP-174,150184,"Cudiamat, B-jay O.",2017-09-28,Male,"Allangigan Segundo","City of Candon",0,2026-05-28T07:52:08.850191+00:00,REVIEW (Name variation with same DOB)
FUZZY_VARIATION,FUZZY-GRP-174,150185,"Cudiamat, C-jay O.",2017-09-28,Male,"Allangigan Segundo","City of Candon",0,2026-05-28T07:52:08.850191+00:00,REVIEW (Name variation with same DOB)
FUZZY_VARIATION,FUZZY-GRP-175,152492,"Dela Cruz, Carmelita G.",1963-12-28,Female,"Ayudante","City of Candon",0,2026-05-29T03:59:23.807894+00:00,REVIEW (Name variation with same DOB)
FUZZY_VARIATION,FUZZY-GRP-175,270720,"Dela Cruz, Carmelita",1963-12-28,Female,"Ayudante","City of Candon",0,2026-08-04T06:28:08.27616+00:00,REVIEW (Name variation with same DOB)
FUZZY_VARIATION,FUZZY-GRP-176,152500,"Dela. Cruz, Jherron Zynelle T.",2023-12-21,Male,"Ayudante","City of Candon",0,2026-05-29T03:59:23.807894+00:00,REVIEW (Name variation with same DOB)
FUZZY_VARIATION,FUZZY-GRP-176,278245,"Dela Cruz, Jheron Zynellet ",2023-12-21,Male,"Ayudante","City of Candon",0,2026-09-02T02:01:48.200915+00:00,REVIEW (Name variation with same DOB)
FUZZY_VARIATION,FUZZY-GRP-177,241409,"Abellera, Christine D.",2001-05-28,Female,"Ayudante","City of Candon",0,2026-07-08T05:34:35.096462+00:00,REVIEW (Name variation with same DOB)
FUZZY_VARIATION,FUZZY-GRP-177,241410,"Abellera, Christian D.",2001-05-28,Male,"Ayudante","City of Candon",0,2026-07-08T05:34:35.096462+00:00,REVIEW (Name variation with same DOB)
FUZZY_VARIATION,FUZZY-GRP-178,156723,"De Guia, Shirley M.",1977-08-22,Female,"San Andres","City of Candon",0,2026-05-30T08:32:38.280687+00:00,REVIEW (Name variation with same DOB)
FUZZY_VARIATION,FUZZY-GRP-178,230478,"De Guia, Shierly M",1977-08-22,Female,"Amguid","City of Candon",0,2026-06-27T02:22:26.161199+00:00,REVIEW (Name variation with same DOB)
FUZZY_VARIATION,FUZZY-GRP-179,161885,"Capitle, Monica V.",1956-07-25,Female,"Allangigan Segundo","City of Candon",0,2026-06-01T07:24:51.839834+00:00,REVIEW (Name variation with same DOB)
FUZZY_VARIATION,FUZZY-GRP-179,320735,"Capitli, Monica V.",1956-07-25,Female,"Allangigan Segundo","City of Candon",0,2026-09-29T07:14:34.067818+00:00,REVIEW (Name variation with same DOB)
FUZZY_VARIATION,FUZZY-GRP-180,156812,"Malamion, Andhi B.",2021-07-08,Male,"San Andres","City of Candon",0,2026-05-30T08:32:38.280687+00:00,REVIEW (Name variation with same DOB)
FUZZY_VARIATION,FUZZY-GRP-180,238680,"Malamion, Adhi B.",2021-07-08,Male,"San Andres","City of Candon",0,2026-06-30T06:16:03.601443+00:00,REVIEW (Name variation with same DOB)
FUZZY_VARIATION,FUZZY-GRP-181,156842,"Aquino, Amir M.",2015-03-04,Male,"San Andres","City of Candon",0,2026-05-30T08:32:38.280687+00:00,REVIEW (Name variation with same DOB)
FUZZY_VARIATION,FUZZY-GRP-181,206872,"Aquino, Amir B.",2015-03-04,Male,"San Andres","City of Candon",0,2026-06-18T02:15:12.653449+00:00,REVIEW (Name variation with same DOB)
FUZZY_VARIATION,FUZZY-GRP-182,161232,"Noblieza, Clarita C.",1971-10-04,Female,"Bagani Gabor","City of Candon",0,2026-06-01T06:16:37.946331+00:00,REVIEW (Name variation with same DOB)
FUZZY_VARIATION,FUZZY-GRP-182,215821,"Nobleza, Clarita C.",1971-10-04,Female,"Bagani Gabor","City of Candon",0,2026-06-22T07:25:44.820214+00:00,REVIEW (Name variation with same DOB)
FUZZY_VARIATION,FUZZY-GRP-183,161753,"Cortez, Emilie L.",1971-10-29,Female,"Allangigan Segundo","City of Candon",0,2026-06-01T07:24:37.723868+00:00,REVIEW (Name variation with same DOB)
FUZZY_VARIATION,FUZZY-GRP-183,320752,"Cortez, Emelie L.",1971-10-29,Female,"Allangigan Segundo","City of Candon",0,2026-09-29T07:14:34.067818+00:00,REVIEW (Name variation with same DOB)
FUZZY_VARIATION,FUZZY-GRP-184,161829,"Alcantara, Dominator L.",1969-04-10,Male,"Allangigan Segundo","City of Candon",0,2026-06-01T07:24:37.723868+00:00,REVIEW (Name variation with same DOB)
FUZZY_VARIATION,FUZZY-GRP-184,320763,"Alcantara, Dominador L.",1969-04-10,Male,"Allangigan Segundo","City of Candon",0,2026-09-29T07:14:34.067818+00:00,REVIEW (Name variation with same DOB)
FUZZY_VARIATION,FUZZY-GRP-185,213812,"Duque, Catrino A.",1995-08-05,Male,"Bagani Ubbog","City of Candon",0,2026-06-22T02:59:33.556054+00:00,REVIEW (Name variation with same DOB)
FUZZY_VARIATION,FUZZY-GRP-185,213818,"Duque, Catrina A.",1995-08-05,Female,"Bagani Ubbog","City of Candon",0,2026-06-22T02:59:33.556054+00:00,REVIEW (Name variation with same DOB)
FUZZY_VARIATION,FUZZY-GRP-186,162174,"Gacusan, John Aoi G.",2013-01-05,Male,"San Pedro","City of Candon",0,2026-06-01T07:46:05.836851+00:00,REVIEW (Name variation with same DOB)
FUZZY_VARIATION,FUZZY-GRP-186,162175,"Gacusan, John Aki G.",2013-01-05,Male,"San Pedro","City of Candon",0,2026-06-01T07:46:05.836851+00:00,REVIEW (Name variation with same DOB)
FUZZY_VARIATION,FUZZY-GRP-187,206207,"Santiago, Mac Melvie S.",2014-03-05,Male,"Paypayad","City of Candon",0,2026-06-17T06:50:41.155253+00:00,REVIEW (Name variation with same DOB)
FUZZY_VARIATION,FUZZY-GRP-187,216035,"Santiago, Mac Melvie",2014-03-05,Male,"Paypayad","City of Candon",0,2026-06-22T07:38:57.467474+00:00,REVIEW (Name variation with same DOB)
FUZZY_VARIATION,FUZZY-GRP-188,191386,"Anaen, Yvo Nicholai ",2025-05-26,Male,"Bugnay","City of Candon",0,2026-06-09T05:10:06.726813+00:00,REVIEW (Name variation with same DOB)
FUZZY_VARIATION,FUZZY-GRP-188,294570,"Anaen, Yvo Nicholai O.",2025-05-26,Male,"Bugnay","City of Candon",0,2026-09-21T05:55:07.614998+00:00,REVIEW (Name variation with same DOB)
FUZZY_VARIATION,FUZZY-GRP-189,191428,"Calaycay, Kyle",2025-04-12,Male,"Bagani Camposanto","City of Candon",0,2026-06-09T05:22:59.596296+00:00,REVIEW (Name variation with same DOB)
FUZZY_VARIATION,FUZZY-GRP-189,207550,"Calaycay, Kyle G.",2025-04-12,Male,"Bagani Camposanto","City of Candon",0,2026-06-18T04:52:04.311569+00:00,REVIEW (Name variation with same DOB)
FUZZY_VARIATION,FUZZY-GRP-190,191434,"Abliter,  Joanna Mae",2025-05-14,Female,"Bagani Camposanto","City of Candon",0,2026-06-09T05:24:24.134071+00:00,REVIEW (Name variation with same DOB)
FUZZY_VARIATION,FUZZY-GRP-190,207613,"Abliter, Joanna Mae B.",2025-05-14,Female,"Bagani Camposanto","City of Candon",0,2026-06-18T04:52:04.311569+00:00,REVIEW (Name variation with same DOB)
FUZZY_VARIATION,FUZZY-GRP-191,206835,"Gomintong, Raniya Kaiya S.",2023-02-22,Female,"San Andres","City of Candon",0,2026-06-18T02:15:12.653449+00:00,REVIEW (Name variation with same DOB)
FUZZY_VARIATION,FUZZY-GRP-191,282135,"Gomintong, Raniya Kaiya",2023-02-22,Female,"San Andres","City of Candon",0,2026-09-08T06:17:04.550526+00:00,REVIEW (Name variation with same DOB)
FUZZY_VARIATION,FUZZY-GRP-192,207583,"Galimba, Melva V.",1979-02-20,Female,"Bagani Camposanto","City of Candon",0,2026-06-18T04:52:04.311569+00:00,REVIEW (Name variation with same DOB)
FUZZY_VARIATION,FUZZY-GRP-192,288823,"Galimba, Melba V.",1979-02-20,Female,"Salvador Primero","City of Candon",0,2026-09-14T08:14:19.124263+00:00,REVIEW (Name variation with same DOB)
FUZZY_VARIATION,FUZZY-GRP-193,207584,"Galimba, Zyrelle Jane V.",2003-07-25,Female,"Bagani Camposanto","City of Candon",0,2026-06-18T04:52:04.311569+00:00,REVIEW (Name variation with same DOB)
FUZZY_VARIATION,FUZZY-GRP-193,288824,"Galimba, Zhyrielle Jane V.",2003-07-25,Female,"Salvador Primero","City of Candon",0,2026-09-14T08:14:19.124263+00:00,REVIEW (Name variation with same DOB)
FUZZY_VARIATION,FUZZY-GRP-194,220737,"Bailon, Prince Liam",2021-09-21,Male,"Bagani Camposanto","City of Candon",0,2026-06-24T01:35:46.452918+00:00,REVIEW (Name variation with same DOB)
FUZZY_VARIATION,FUZZY-GRP-194,278829,"Bailon, Prince Liam B.",2021-09-21,Male,"Bagani Camposanto","City of Candon",0,2026-09-02T07:49:45.844415+00:00,REVIEW (Name variation with same DOB)
FUZZY_VARIATION,FUZZY-GRP-195,223275,"Pasua, Edmund A.",1967-05-25,Male,"Allangigan Segundo","City of Candon",0,2026-06-24T07:57:52.677134+00:00,REVIEW (Name variation with same DOB)
FUZZY_VARIATION,FUZZY-GRP-195,320775,"Pascua, Edmundo A.",1967-05-25,Male,"Allangigan Segundo","City of Candon",0,2026-09-29T07:14:34.067818+00:00,REVIEW (Name variation with same DOB)
FUZZY_VARIATION,FUZZY-GRP-196,232039,"Mangasar, Cianna Elise  G.",2020-04-22,Female,"Bagani Ubbog","City of Candon",0,2026-06-27T08:33:30.613706+00:00,REVIEW (Name variation with same DOB)
FUZZY_VARIATION,FUZZY-GRP-196,293818,"Mangasar, Ciana Elisse G.",2020-04-22,Female,"Santo Tomas","City of Candon",0,2026-09-20T13:39:50.967919+00:00,REVIEW (Name variation with same DOB)
FUZZY_VARIATION,FUZZY-GRP-197,232064,"Gagno, Francis R.",1988-06-04,Male,"Bagani Ubbog","City of Candon",0,2026-06-27T08:33:30.613706+00:00,REVIEW (Name variation with same DOB)
FUZZY_VARIATION,FUZZY-GRP-197,287349,"Gagno, Frances R",1988-06-04,Female,"Bagani Ubbog","City of Candon",0,2026-09-14T02:26:14.042441+00:00,REVIEW (Name variation with same DOB)
FUZZY_VARIATION,FUZZY-GRP-198,232406,"Sanchez, Ricardo Axel E.",2022-04-30,Male,"Bagani Gabor","City of Candon",0,2026-06-27T10:23:37.456056+00:00,REVIEW (Name variation with same DOB)
FUZZY_VARIATION,FUZZY-GRP-198,256880,"Sanchez, Ricardo Axcel E.",2022-04-30,Male,"Bagani Gabor","City of Candon",0,2026-07-23T06:59:36.600896+00:00,REVIEW (Name variation with same DOB)
FUZZY_VARIATION,FUZZY-GRP-199,238397,"Gallano, Armielle Mandy N.",2022-01-28,Female,"Bugnay","City of Candon",0,2026-06-30T03:57:37.692057+00:00,REVIEW (Name variation with same DOB)
FUZZY_VARIATION,FUZZY-GRP-199,261574,"Galano, Armielle Mandy N.",2022-01-28,Female,"Bugnay","City of Candon",0,2026-07-27T06:46:05.49675+00:00,REVIEW (Name variation with same DOB)
FUZZY_VARIATION,FUZZY-GRP-200,238652,"Calingayan, Quinn Serenity P.",2019-07-28,Female,"Palacapac","City of Candon",0,2026-06-30T06:01:55.949637+00:00,REVIEW (Name variation with same DOB)
FUZZY_VARIATION,FUZZY-GRP-200,278687,"Calingayan, Quinn Serenity L.",2019-07-28,Female,"Santo Tomas","City of Candon",0,2026-09-02T07:41:35.785398+00:00,REVIEW (Name variation with same DOB)
FUZZY_VARIATION,FUZZY-GRP-201,276054,"Tan, Miyah M.",2023-09-22,Female,"Bagani Camposanto","City of Candon",0,2026-08-22T10:01:50.475719+00:00,REVIEW (Name variation with same DOB)
FUZZY_VARIATION,FUZZY-GRP-201,281931,"Tan, Miya M.",2023-09-22,Female,"Bagani Camposanto","City of Candon",0,2026-09-08T05:49:03.149878+00:00,REVIEW (Name variation with same DOB)
FUZZY_VARIATION,FUZZY-GRP-202,241820,"Collado, Jiro Axel G.",2012-08-17,Male,"San Andres","City of Candon",0,2026-07-08T07:16:33.858678+00:00,REVIEW (Name variation with same DOB)
FUZZY_VARIATION,FUZZY-GRP-202,241821,"Collado, Kiro Axel G.",2012-08-17,Male,"San Andres","City of Candon",0,2026-07-08T07:16:33.858678+00:00,REVIEW (Name variation with same DOB)
FUZZY_VARIATION,FUZZY-GRP-203,260616,"Montilla, Airah M.",2011-09-20,Female,"Bagani Camposanto","City of Candon",0,2026-07-27T03:48:38.900362+00:00,REVIEW (Name variation with same DOB)
FUZZY_VARIATION,FUZZY-GRP-203,260639,"Montilla, Airish M.",2011-09-20,Female,"Bagani Camposanto","City of Candon",0,2026-07-27T03:48:38.900362+00:00,REVIEW (Name variation with same DOB)
FUZZY_VARIATION,FUZZY-GRP-204,270729,"Balong-aney, Evanna B.",2001-10-27,Female,"Ayudante","City of Candon",0,2026-08-04T06:28:08.27616+00:00,REVIEW (Name variation with same DOB)
FUZZY_VARIATION,FUZZY-GRP-204,297857,"Balong-angey Ivanna B.",2001-10-27,Female,"Ayudante","City of Candon",0,2026-09-23T02:15:11.576837+00:00,REVIEW (Name variation with same DOB)
FUZZY_VARIATION,FUZZY-GRP-205,276052,"Madrid, Krizzhia Rheihn B.",2023-12-26,Female,"Bagani Camposanto","City of Candon",0,2026-08-22T09:55:23.497147+00:00,REVIEW (Name variation with same DOB)
FUZZY_VARIATION,FUZZY-GRP-205,278825,"Madrid, Krizzia Rheign B.",2023-12-26,Female,"Bagani Camposanto","City of Candon",0,2026-09-02T07:49:45.844415+00:00,REVIEW (Name variation with same DOB)
FUZZY_VARIATION,FUZZY-GRP-206,276057,"Valdez, Princess Zia G.",2023-04-21,Female,"Bagani Camposanto","City of Candon",0,2026-08-22T10:19:01.889338+00:00,REVIEW (Name variation with same DOB)
FUZZY_VARIATION,FUZZY-GRP-206,278815,"Valdez, Princess Zhia G.",2023-04-21,Female,"Bagani Camposanto","City of Candon",0,2026-09-02T07:49:45.844415+00:00,REVIEW (Name variation with same DOB)
FUZZY_VARIATION,FUZZY-GRP-207,276060,"Mecos, Thalia Anayah",2023-02-04,Female,"Bagani Camposanto","City of Candon",0,2026-08-22T10:25:04.664808+00:00,REVIEW (Name variation with same DOB)
FUZZY_VARIATION,FUZZY-GRP-207,278853,"Mecos, Thalia Anayah P.",2023-02-04,Female,"Bagani Camposanto","City of Candon",0,2026-09-02T07:49:45.844415+00:00,REVIEW (Name variation with same DOB)
FUZZY_VARIATION,FUZZY-GRP-208,277805,"Martinez, Alimarie V.",2022-08-25,Female,"Bagani Ubbog","City of Candon",0,2026-08-30T04:08:37.398011+00:00,REVIEW (Name variation with same DOB)
FUZZY_VARIATION,FUZZY-GRP-208,287270,"Martinez, Almarie V.",2022-08-25,Female,"Bagani Ubbog","City of Candon",0,2026-09-14T02:26:14.042441+00:00,REVIEW (Name variation with same DOB)
FUZZY_VARIATION,FUZZY-GRP-209,277817,"Molina, Rayven Lucas P.",2022-04-03,Male,"Bagani Ubbog","City of Candon",0,2026-08-30T04:23:48.55624+00:00,REVIEW (Name variation with same DOB)
FUZZY_VARIATION,FUZZY-GRP-209,297734,"Molina, Reyven Lucas P.",2022-04-03,Male,"Bagani Ubbog","City of Candon",0,2026-09-23T01:53:14.175774+00:00,REVIEW (Name variation with same DOB)
FUZZY_VARIATION,FUZZY-GRP-210,278254,"Pascua, Kyrie Drexzyl B.",2024-09-13,Male,"Ayudante","City of Candon",0,2026-09-02T02:18:45.645802+00:00,REVIEW (Name variation with same DOB)
FUZZY_VARIATION,FUZZY-GRP-210,297927,"Pascua, Kyrie Drexzel B.",2024-09-13,Female,"Ayudante","City of Candon",0,2026-09-23T02:15:11.576837+00:00,REVIEW (Name variation with same DOB)
FUZZY_VARIATION,FUZZY-GRP-211,278346,"Banglay, Austin Sunday G.",2025-06-01,Male,"Bagani Camposanto","City of Candon",0,2026-09-02T03:52:23.284815+00:00,REVIEW (Name variation with same DOB)
FUZZY_VARIATION,FUZZY-GRP-211,281989,"Banglay, Austin Sunday",2025-06-01,Male,"Bagani Camposanto","City of Candon",0,2026-09-08T05:49:03.149878+00:00,REVIEW (Name variation with same DOB)
FUZZY_VARIATION,FUZZY-GRP-212,278444,"Haban, Amirah Riley",2023-05-05,Female,"San Pedro","City of Candon",0,2026-09-02T06:22:03.21209+00:00,REVIEW (Name variation with same DOB)
FUZZY_VARIATION,FUZZY-GRP-212,291003,"Haban, Amirah Riley G.",2023-05-05,Female,"San Pedro","City of Candon",0,2026-09-16T02:23:19.913895+00:00,REVIEW (Name variation with same DOB)
FUZZY_VARIATION,FUZZY-GRP-213,297749,"Jamandre, Maricar G.",2010-03-02,Female,"Bagani Ubbog","City of Candon",0,2026-09-23T01:53:14.175774+00:00,REVIEW (Name variation with same DOB)
FUZZY_VARIATION,FUZZY-GRP-213,297750,"Jamandre, Maricon G.",2010-03-02,Female,"Bagani Ubbog","City of Candon",0,2026-09-23T01:53:14.175774+00:00,REVIEW (Name variation with same DOB)
FUZZY_VARIATION,FUZZY-GRP-214,299085,"Valdez, Lourdez  M.",1958-08-17,Female,"Cubcubbuot","City of Candon",0,2026-09-23T07:50:03.03383+00:00,REVIEW (Name variation with same DOB)
FUZZY_VARIATION,FUZZY-GRP-214,303714,"Valdez, Lourdes M.",1958-08-17,Female,"Cubcubbuot","City of Candon",0,2026-09-26T05:47:15.770392+00:00,REVIEW (Name variation with same DOB)
FUZZY_VARIATION,FUZZY-GRP-215,315932,"Julia M. Cam-ani",2017-09-01,Female,"Paypayad","City of Candon",0,2026-09-28T06:38:14.084645+00:00,REVIEW (Name variation with same DOB)
FUZZY_VARIATION,FUZZY-GRP-215,315933,"Julz M. Cam-ani",2017-09-01,Male,"Paypayad","City of Candon",0,2026-09-28T06:38:14.084645+00:00,REVIEW (Name variation with same DOB)